Sample_Index,Signal_Quality_Score,Class,Class_Name
0,0.22129137103419594,0,Normal
1,0.217689091603598,0,Normal
2,0.2164156513866669,0,Normal
3,0.2302812208096927,0,Normal
4,0.20496460546592243,0,Normal
5,0.22928394219969445,0,Normal
6,0.2235562520161104,0,Normal
7,0.5111886399410982,0,Normal
8,0.5067846158112167,0,Normal
9,0.5028317607446164,0,Normal
10,0.508734041126739,0,Normal
11,0.2222844102292693,1,MI
12,0.5094484723839557,0,Normal
13,0.2173893261630449,1,MI
14,0.5110055732748878,0,Normal
15,0.5111842013756029,0,Normal
16,0.2406356159303213,1,MI
17,0.2233129990873401,1,MI
18,0.5070931604613256,0,Normal
19,0.5069506913244164,0,Normal
20,0.5112335641209449,0,Normal
21,0.5096770026237776,0,Normal
22,0.22697265864664057,1,MI
23,0.5097937625186517,0,Normal
24,0.5118076913684034,0,Normal
25,0.23120499002539757,1,MI
26,0.5018960772005683,0,Normal
27,0.5150269766425405,0,Normal
28,0.5128603402748617,0,Normal
29,0.21631086848712622,1,MI
30,0.517936476185048,0,Normal
31,0.5052966926838994,0,Normal
32,0.2247408708939792,1,MI
33,0.5121330576744341,0,Normal
34,0.5097328377700251,0,Normal
35,0.21436513893755854,1,MI
36,0.51112526796334,0,Normal
37,0.513737362285458,0,Normal
38,0.5095342098664113,0,Normal
39,0.2177559290979867,1,MI
40,0.5116957916765871,0,Normal
41,0.5088872342807604,0,Normal
42,0.22278592866167485,1,MI
43,0.2148474695631949,1,MI
44,0.21594894444195373,1,MI
45,0.21748509023853413,1,MI
46,0.23395405992714646,1,MI
47,0.5080680318587137,0,Normal
48,0.5134937067983179,0,Normal
49,0.511523514638204,0,Normal
50,0.5123884696876021,0,Normal
51,0.2221390279688102,1,MI
52,0.5091468220365103,0,Normal
53,0.21557360210333387,1,MI
54,0.2266492008386538,1,MI
55,0.22438475112876366,1,MI
56,0.2263355168615671,1,MI
57,0.5130098392030804,0,Normal
58,0.2276914564641479,1,MI
59,0.5053803610629457,1,MI
60,0.5128177392430968,1,MI
61,0.5126987430195799,1,MI
62,0.5130316362033458,1,MI
63,0.5118380127252539,1,MI
64,0.5071246865963309,1,MI
65,0.5136653174453248,1,MI
66,0.21218037060417527,0,Normal
67,0.21593109334514415,0,Normal
68,0.21791992187752263,0,Normal
69,0.22004347023619075,0,Normal
70,0.5073959806160814,1,MI
71,0.22832435631268416,0,Normal
72,0.5089805972461401,1,MI
73,0.21210047260592602,0,Normal
74,0.5064659426906085,1,MI
75,0.24083035164898797,0,Normal
76,0.2259758508969847,0,Normal
77,0.2262147661302637,0,Normal
78,0.22546688808570603,0,Normal
79,0.5096055301636584,1,MI
80,0.513809437590441,1,MI
81,0.2276965039495778,0,Normal
82,0.23474782100272534,0,Normal
83,0.2323129148671459,0,Normal
84,0.512502282099957,1,MI
85,0.22327528366791027,0,Normal
86,0.5122599345203859,1,MI
87,0.21461319678641066,0,Normal
88,0.21961544696092716,0,Normal
89,0.5151972434986124,1,MI
90,0.5120160473130831,1,MI
91,0.509660949646459,1,MI
92,0.5128254475930523,1,MI
93,0.506712380987169,1,MI
94,0.5092012259060391,1,MI
95,0.5121767567705593,1,MI
96,0.23161968223292767,0,Normal
97,0.2282009242179277,0,Normal
98,0.5083880647740886,1,MI
99,0.21801189136029187,0,Normal
100,0.5155704978778097,1,MI
101,0.21755207780859148,0,Normal
102,0.22611403053655516,0,Normal
103,0.5097459624523331,1,MI
104,0.21023718170274774,0,Normal
105,0.23406355072611695,0,Normal
106,0.21948378901440402,0,Normal
107,0.2226460898618054,0,Normal
108,0.509626800881084,1,MI
109,0.518299433773863,1,MI
110,0.5045097588449293,1,MI
111,0.5101521051727704,1,MI
112,0.2184845673438633,0,Normal
113,0.22141455671704807,0,Normal
114,0.22000699136682994,0,Normal
115,0.515099128440382,1,MI
116,0.22155596289067625,0,Normal
117,0.5130822437525937,1,MI
118,0.21192015356016797,0,Normal
119,0.2167039530744574,0,Normal
120,0.5159307898242039,1,MI
121,0.23410075056527174,0,Normal
122,0.5105259241140531,1,MI
123,0.22810572355077519,0,Normal
124,0.21967528543985826,0,Normal
125,0.23488093778296593,0,Normal
126,0.5133908163287905,1,MI
127,0.5043763350155607,1,MI
128,0.5123292208034,1,MI
129,0.5108683137306451,1,MI
130,0.2221138985507461,0,Normal
131,0.21564636595625913,0,Normal
132,0.21762880866740453,0,Normal
133,0.23643191315493306,0,Normal
134,0.5140236162159032,1,MI
135,0.5085763310996542,1,MI
136,0.507747354243726,1,MI
137,0.5126572694542747,1,MI
138,0.5066468726137291,1,MI
139,0.5075480140875269,1,MI
140,0.5102082563287887,1,MI
141,0.5071791233632368,1,MI
142,0.21347291638176302,0,Normal
143,0.5101922980832414,1,MI
144,0.5110702352236449,1,MI
145,0.2164240248400517,0,Normal
146,0.5081459171583858,1,MI
147,0.5069363668485153,1,MI
148,0.22369454612650524,0,Normal
149,0.22797048939899617,0,Normal
150,0.2127236650212384,0,Normal
151,0.509965269636187,1,MI
152,0.5062094408690602,1,MI
153,0.22931198299666355,0,Normal
154,0.5116529773822794,1,MI
155,0.5057425556795846,1,MI
156,0.5043638078449039,1,MI
157,0.5129367324661713,1,MI
158,0.22572071534883353,0,Normal
159,0.5087307704420521,1,MI
160,0.21738346693534966,0,Normal
161,0.22703743697683698,0,Normal
162,0.5098632870280281,1,MI
163,0.5087962034004913,1,MI
164,0.22557373436673034,0,Normal
165,0.5103480543619034,1,MI
166,0.21454478790106474,0,Normal
167,0.21753899176668096,0,Normal
168,0.21241771302641255,0,Normal
169,0.22363732812610854,0,Normal
170,0.5082188901294882,1,MI
171,0.22297743594420388,0,Normal
172,0.5138893352725057,1,MI
173,0.5070407073416537,1,MI
174,0.518122356581441,1,MI
175,0.5079110651831512,1,MI
176,0.2098902530349181,0,Normal
177,0.2271459517708191,0,Normal
178,0.22153982052085625,0,Normal
179,0.5103176060096344,1,MI
180,0.2271144806082913,0,Normal
181,0.23877867223755544,0,Normal
182,0.5064369326132797,1,MI
183,0.5091794645508205,1,MI
184,0.21344480255808768,0,Normal
185,0.23335209614614189,0,Normal
186,0.5068477036812781,1,MI
187,0.5106269072754605,1,MI
188,0.23276899139095736,0,Normal
189,0.22158102102725052,0,Normal
190,0.5044919968150414,1,MI
191,0.5060335021182452,1,MI
192,0.513417215256544,1,MI
193,0.23052307983470777,0,Normal
194,0.5063568814013371,1,MI
195,0.5145097232316936,1,MI
196,0.514222320606333,1,MI
197,0.5064720881931305,1,MI
198,0.5082075987737127,1,MI
199,0.5166958810416353,1,MI
200,0.2172358091448719,0,Normal
201,0.226530287060902,0,Normal
202,0.22035134978836046,0,Normal
203,0.2173074866587506,0,Normal
204,0.5064105982228442,1,MI
205,0.5129742789251435,1,MI
206,0.5094357342896696,1,MI
207,0.2213110149300272,0,Normal
208,0.505949316585443,1,MI
209,0.5054971832923116,1,MI
210,0.22064872348474712,0,Normal
211,0.2306424013718763,0,Normal
212,0.22115595936341753,0,Normal
213,0.5095378062985997,1,MI
214,0.505192292316997,1,MI
215,0.5090022499422606,1,MI
216,0.5127284067369031,1,MI
217,0.5073026281556324,1,MI
218,0.23523375830682447,0,Normal
219,0.5084039537221712,1,MI
220,0.23022759729662773,0,Normal
221,0.5137462435749075,1,MI
222,0.23233225554725334,0,Normal
223,0.5117975078900918,1,MI
224,0.5040940823861888,1,MI
225,0.5127389341203537,1,MI
226,0.5060465814281631,1,MI
227,0.20922768227233962,0,Normal
228,0.2414108940039097,0,Normal
229,0.22947739912993154,0,Normal
230,0.5067532498421057,1,MI
231,0.2235668589061513,0,Normal
232,0.23407055469543386,0,Normal
233,0.5083471489191345,1,MI
234,0.5077700968037486,1,MI
235,0.22631254021370883,0,Normal
236,0.5062704054998058,1,MI
237,0.21372299618640161,0,Normal
238,0.5135878314483214,1,MI
239,0.22458015275029014,0,Normal
240,0.5100036751269769,1,MI
241,0.22508970703647052,0,Normal
242,0.5067094564824397,1,MI
243,0.2221384316719674,0,Normal
244,0.5050920424407753,1,MI
245,0.5052594609062836,1,MI
246,0.22048613461126138,0,Normal
247,0.513557990290366,1,MI
248,0.5037568418088392,1,MI
249,0.21450196803276328,0,Normal
250,0.23197679405118998,0,Normal
251,0.24353095880879855,0,Normal
252,0.22778972792931973,0,Normal
253,0.2287523479100133,0,Normal
254,0.5141130201342992,1,MI
255,0.21707852440479514,0,Normal
256,0.220315702527832,0,Normal
257,0.5069145737342861,1,MI
258,0.5160889930457706,1,MI
259,0.5092278564520301,1,MI
260,0.5090407991219928,1,MI
261,0.2200749228918601,0,Normal
262,0.5080331032420038,1,MI
263,0.2257730663948378,0,Normal
264,0.5100620961410554,1,MI
265,0.2302308296890791,0,Normal
266,0.5165022285333662,1,MI
267,0.2366790796438587,0,Normal
268,0.22645856999177438,0,Normal
269,0.50523233726904,1,MI
270,0.21682081858650587,0,Normal
271,0.5103841284722811,1,MI
272,0.22855803927233748,0,Normal
273,0.22210040278162058,0,Normal
274,0.5042169637891536,1,MI
275,0.5076138430993039,1,MI
276,0.508804800311087,1,MI
277,0.21538315739233943,0,Normal
278,0.5063849993328519,1,MI
279,0.23223239711655302,0,Normal
280,0.5079010379523853,1,MI
281,0.2308568751369594,0,Normal
282,0.2219674140760255,0,Normal
283,0.5113989490776548,1,MI
284,0.5117805481756644,1,MI
285,0.20858650283660535,0,Normal
286,0.5081840355526448,1,MI
287,0.23871597984524234,0,Normal
288,0.5076909853926966,1,MI
289,0.5080154632545196,1,MI
290,0.2204606967035857,0,Normal
291,0.5122700856460277,1,MI
292,0.5077029828469897,1,MI
293,0.5057544470651436,1,MI
294,0.2214521786967646,0,Normal
295,0.21745554542059597,0,Normal
296,0.5059209094898702,1,MI
297,0.5101606757499706,1,MI
298,0.23630520693326895,0,Normal
299,0.2264378300372289,0,Normal
300,0.2298833491560643,0,Normal
301,0.22499329271122087,0,Normal
302,0.5163679964442269,1,MI
303,0.2192480405689538,0,Normal
304,0.21251304803809173,0,Normal
305,0.23398874251814528,0,Normal
306,0.22656118943188885,0,Normal
307,0.23094975995558736,0,Normal
308,0.22589915844537156,0,Normal
309,0.2129233634004326,0,Normal
310,0.5067197100633306,1,MI
311,0.2242184152402702,0,Normal
312,0.23153182016411566,0,Normal
313,0.5108027440713698,1,MI
314,0.5194314145505513,1,MI
315,0.23803031288404375,0,Normal
316,0.5115848341894121,1,MI
317,0.23145841791295085,0,Normal
318,0.21886902631421834,0,Normal
319,0.5094057162906619,1,MI
320,0.22376028152582356,0,Normal
321,0.5055118093571962,1,MI
322,0.5063236125682044,1,MI
323,0.5079113942622413,1,MI
324,0.2303639554788105,0,Normal
325,0.5159793975269249,1,MI
326,0.511910686076595,1,MI
327,0.5110331838428988,1,MI
328,0.23225231979539984,0,Normal
329,0.5107773783295955,1,MI
330,0.2174607100546762,0,Normal
331,0.5026693853829775,1,MI
332,0.23088447363567421,0,Normal
333,0.2073092820863804,0,Normal
334,0.2336619620983033,0,Normal
335,0.21771646620077023,0,Normal
336,0.2212791308070866,0,Normal
337,0.22900738081502137,0,Normal
338,0.510111664999524,1,MI
339,0.5160936087532657,1,MI
340,0.21467698151069387,0,Normal
341,0.22776301074830685,0,Normal
342,0.23025376570957024,0,Normal
343,0.21698593032960461,0,Normal
344,0.21030624055708913,0,Normal
345,0.22883323049104198,0,Normal
346,0.223215108491295,0,Normal
347,0.21936773819820077,0,Normal
348,0.5053009995066674,1,MI
349,0.5093675862411998,1,MI
350,0.23575993288845837,0,Normal
351,0.23301132784395612,0,Normal
352,0.5110813898389659,1,MI
353,0.5045033437307518,1,MI
354,0.5125662457306038,1,MI
355,0.2233814688462567,0,Normal
356,0.2295939891717667,0,Normal
357,0.22974940419336543,0,Normal
358,0.2197228413952697,0,Normal
359,0.5068267203685684,1,MI
360,0.5160716628038705,1,MI
361,0.23034827338114205,0,Normal
362,0.2203607005404707,0,Normal
363,0.510666486226274,1,MI
364,0.22093274630725546,0,Normal
365,0.5070133244031941,1,MI
366,0.21140503595368498,0,Normal
367,0.5106487167323792,1,MI
368,0.504834383927629,1,MI
369,0.2092592146834738,0,Normal
370,0.23599498418095982,0,Normal
371,0.21797487498416823,0,Normal
372,0.20834981547144515,0,Normal
373,0.505413984761953,1,MI
374,0.5115191721966175,1,MI
375,0.5068164556539931,1,MI
376,0.2299240893197173,0,Normal
377,0.22811936474699818,0,Normal
378,0.507807402116698,1,MI
379,0.5112586759797081,1,MI
380,0.2392958332629192,0,Normal
381,0.509720853656966,1,MI
382,0.23469731916061737,0,Normal
383,0.5104838295385319,1,MI
384,0.5094174241583852,1,MI
385,0.5125241130392747,1,MI
386,0.22105737842444212,0,Normal
387,0.5076008050138738,1,MI
388,0.5102339415450254,1,MI
389,0.5095892349939933,1,MI
390,0.2220847994647855,0,Normal
391,0.2133486765805121,0,Normal
392,0.5044385560565677,1,MI
393,0.2264433815450252,0,Normal
394,0.5078789012175461,1,MI
395,0.21581868600626986,0,Normal
396,0.5108246260459172,1,MI
397,0.217024173197989,0,Normal
398,0.5127790761581573,1,MI
399,0.5125160858711088,1,MI
400,0.22174520383371132,0,Normal
401,0.2169615389624342,0,Normal
402,0.20748585742713266,0,Normal
403,0.5105154562617581,1,MI
404,0.515291144989416,1,MI
405,0.5110500209718178,1,MI
406,0.510986316323356,1,MI
407,0.2188800941476533,0,Normal
408,0.22611257326395884,0,Normal
409,0.5062877083519087,1,MI
410,0.511437146734877,1,MI
411,0.5135235871407202,1,MI
412,0.2242055739985631,0,Normal
413,0.21454406704139967,0,Normal
414,0.22193200023184956,0,Normal
415,0.5056743506008102,1,MI
416,0.23028236252145212,0,Normal
417,0.22353848419024858,0,Normal
418,0.21496148746313337,0,Normal
419,0.5020954332319769,1,MI
420,0.22918361861283526,0,Normal
421,0.5046534131687973,1,MI
422,0.2122400139061838,0,Normal
423,0.5087261031685275,1,MI
424,0.5150764068274788,1,MI
425,0.5084217029321528,1,MI
426,0.24668228270708847,0,Normal
427,0.21923705128731374,0,Normal
428,0.5154721229410288,1,MI
429,0.2283685916861864,0,Normal
430,0.2176765771318162,0,Normal
431,0.21270791163644426,0,Normal
432,0.23273335253262717,0,Normal
433,0.5076959245625255,1,MI
434,0.2279888664303582,0,Normal
435,0.508457237719042,1,MI
436,0.22810884135016862,0,Normal
437,0.5174656062275065,1,MI
438,0.23065410670474273,0,Normal
439,0.5141047506093139,1,MI
440,0.21325455677300081,0,Normal
441,0.5077408471350788,1,MI
442,0.505033968059713,1,MI
443,0.5056508761042823,1,MI
444,0.22579658302025934,0,Normal
445,0.22033011716171091,0,Normal
446,0.5098276132332192,1,MI
447,0.2262665916373921,0,Normal
448,0.5087374877116847,1,MI
449,0.5045304529599651,1,MI
450,0.2278909207224542,0,Normal
451,0.21767176626379398,0,Normal
452,0.5028003032264006,1,MI
453,0.5072410394253871,1,MI
454,0.5086939916107587,1,MI
455,0.5111010705694965,1,MI
456,0.22208635220309503,0,Normal
457,0.511946956059955,1,MI
458,0.5102996428209701,1,MI
459,0.5131624497883057,1,MI
460,0.509257334635422,1,MI
461,0.5153520747403275,1,MI
462,0.5058880303570373,1,MI
463,0.21805101994659765,0,Normal
464,0.5071587849300071,1,MI
465,0.21966647279985524,0,Normal
466,0.21684389876429205,0,Normal
467,0.22920990918995043,0,Normal
468,0.23117715921898963,0,Normal
469,0.5093956143758769,1,MI
470,0.21869633930784416,0,Normal
471,0.23212342377453749,0,Normal
472,0.22062588835885316,0,Normal
473,0.5065940381128994,1,MI
474,0.22309686709386584,0,Normal
475,0.5197327532036724,1,MI
476,0.22373573289941073,0,Normal
477,0.22893408991352426,0,Normal
478,0.241081376811545,0,Normal
479,0.5155532164791671,1,MI
480,0.21745989864685195,0,Normal
481,0.5147303353867908,1,MI
482,0.5079953970426884,1,MI
483,0.2238858338542405,0,Normal
484,0.23294703920640314,0,Normal
485,0.512715577870091,1,MI
486,0.5123958182875405,1,MI
487,0.5098283280080733,1,MI
488,0.5168306090781144,1,MI
489,0.22259934493865285,0,Normal
490,0.5121251945768568,1,MI
491,0.5093504594061249,1,MI
492,0.5131283842771179,1,MI
493,0.22251941470946057,0,Normal
494,0.21148217584710843,0,Normal
495,0.5080969760941597,1,MI
496,0.22878541527739915,0,Normal
497,0.2200883652406198,0,Normal
498,0.5106733403516818,1,MI
499,0.21950892098578512,0,Normal
500,0.5099948883949653,1,MI
501,0.21724830357047537,0,Normal
502,0.236363433366805,0,Normal
503,0.20997651902721698,0,Normal
504,0.21956134733354993,0,Normal
505,0.2234034198272853,0,Normal
506,0.5102568196518814,1,MI
507,0.5114934785182952,1,MI
508,0.5113602550725413,1,MI
509,0.520547531674667,1,MI
510,0.5137916502720516,1,MI
511,0.2181466151498524,0,Normal
512,0.5064680586641637,1,MI
513,0.21720221612767826,0,Normal
514,0.22067321261141903,0,Normal
515,0.5139761062642648,1,MI
516,0.21250904970044837,0,Normal
517,0.5045077295262842,1,MI
518,0.22122203095876114,0,Normal
519,0.21692129666540783,0,Normal
520,0.5044486408576916,1,MI
521,0.20973929218662524,0,Normal
522,0.5134315227998602,1,MI
523,0.510952828775546,1,MI
524,0.23147138745782103,0,Normal
525,0.22392069425489391,0,Normal
526,0.2327937097917271,0,Normal
527,0.2136405129053986,0,Normal
528,0.5120932281120146,1,MI
529,0.22594520439067906,0,Normal
530,0.5073410568416179,1,MI
531,0.5037512108715579,1,MI
532,0.23728605128149843,0,Normal
533,0.5067916656994064,1,MI
534,0.5189099340537235,1,MI
535,0.5088420620446069,1,MI
536,0.5068605390703862,1,MI
537,0.23547081963186045,0,Normal
538,0.5062533453746468,1,MI
539,0.2115288775523152,0,Normal
540,0.5146715641790857,1,MI
541,0.21744973071781015,0,Normal
542,0.5144012182465226,1,MI
543,0.23272512187914407,0,Normal
544,0.22464096801972927,0,Normal
545,0.2238535495988041,0,Normal
546,0.5051023055079731,1,MI
547,0.210447617087328,0,Normal
548,0.21673495760164807,0,Normal
549,0.5120157300032614,1,MI
550,0.21979883013950446,0,Normal
551,0.512558766578961,1,MI
552,0.22565039844298934,0,Normal
553,0.509183220586596,1,MI
554,0.5117079665925146,1,MI
555,0.5083559522822291,1,MI
556,0.2221291271435098,0,Normal
557,0.232372985630254,0,Normal
558,0.5107904236315833,1,MI
559,0.22822629162007535,0,Normal
560,0.21545142905973919,0,Normal
561,0.22638207522157,0,Normal
562,0.5059870439033267,1,MI
563,0.5063389547239735,1,MI
564,0.21454921552514666,0,Normal
565,0.5173403995472546,1,MI
566,0.5100949274027197,1,MI
567,0.21898452243009575,0,Normal
568,0.21487184382003105,0,Normal
569,0.5120972504469229,1,MI
570,0.219757006732626,0,Normal
571,0.5056146389983812,1,MI
572,0.5183639444368898,1,MI
573,0.21556486721197105,0,Normal
574,0.5143368092320635,1,MI
575,0.5154377793643855,1,MI
576,0.23240968481924346,0,Normal
577,0.5082521443820206,1,MI
578,0.21606243087906019,0,Normal
579,0.5107623094029361,1,MI
580,0.21899116612637903,0,Normal
581,0.5156111951444623,1,MI
582,0.5146647031668642,1,MI
583,0.21292150243817448,0,Normal
584,0.5094141264418145,1,MI
585,0.5095245660678472,1,MI
586,0.5112203496467732,1,MI
587,0.23499177761938456,0,Normal
588,0.5032948739319197,1,MI
589,0.5118441643415906,1,MI
590,0.2193674535572825,0,Normal
591,0.5145533191844737,1,MI
592,0.512453243830901,1,MI
593,0.21801360984433038,0,Normal
594,0.2287141237414942,0,Normal
595,0.22841457031897094,0,Normal
596,0.2305410985512515,0,Normal
597,0.20253446807786352,0,Normal
598,0.5163301622215171,1,MI
599,0.2334106065342127,0,Normal
600,0.5100223943916846,1,MI
601,0.2315431813722062,0,Normal
602,0.21192777062030205,0,Normal
603,0.5086123641528869,1,MI
604,0.5101592561599497,1,MI
605,0.21871830254343144,0,Normal
606,0.22564754517716534,0,Normal
607,0.22728528854631241,0,Normal
608,0.504538709323436,1,MI
609,0.5121889175523822,1,MI
610,0.5074567898615776,1,MI
611,0.22065063219492737,0,Normal
612,0.21414573239198892,0,Normal
613,0.5155323748388505,1,MI
614,0.2303200726507889,0,Normal
615,0.5042084407509527,1,MI
616,0.22223139589917024,0,Normal
617,0.5107063958668799,1,MI
618,0.24238053484873995,0,Normal
619,0.5097247821981329,1,MI
620,0.2205560893163241,0,Normal
621,0.508830180115509,1,MI
622,0.5145812491191321,1,MI
623,0.5148044717098312,1,MI
624,0.5079084649471738,1,MI
625,0.2139844775828702,0,Normal
626,0.5093657537081699,1,MI
627,0.5109540734583055,1,MI
628,0.5064586704135063,1,MI
629,0.5067071021740146,1,MI
630,0.22772082044211028,0,Normal
631,0.5088132869987599,1,MI
632,0.5048057584649623,1,MI
633,0.5081736579820438,1,MI
634,0.5096228434764178,1,MI
635,0.23484908792389875,0,Normal
636,0.21668051237452063,0,Normal
637,0.2250588357812074,0,Normal
638,0.22836843528746076,0,Normal
639,0.2371460341448532,0,Normal
640,0.5134509350844109,1,MI
641,0.21467627335506678,0,Normal
642,0.2126511720657328,0,Normal
643,0.5055111090028385,1,MI
644,0.22613687626309986,0,Normal
645,0.22585850499927496,0,Normal
646,0.5126631538479945,1,MI
647,0.231659359262818,0,Normal
648,0.21964104003572,0,Normal
649,0.21117829465306875,0,Normal
650,0.22204630382327484,0,Normal
651,0.5079892878635386,1,MI
652,0.5124788655128328,1,MI
653,0.21654894709420747,0,Normal
654,0.21746241156712576,0,Normal
655,0.23733397987128252,0,Normal
656,0.5071864894899126,1,MI
657,0.2207164638646893,0,Normal
658,0.23115309912843734,0,Normal
659,0.2190985506741202,0,Normal
660,0.2345831594519313,0,Normal
661,0.2245417272441107,0,Normal
662,0.2232647128666741,0,Normal
663,0.5029780861129544,1,MI
664,0.507116658976971,1,MI
665,0.5089146261814855,1,MI
666,0.22303083986827843,0,Normal
667,0.2255724030336846,0,Normal
668,0.22253718073862855,0,Normal
669,0.22201318910746953,0,Normal
670,0.20994803421428765,0,Normal
671,0.21415209298367516,0,Normal
672,0.5083439917939222,1,MI
673,0.22343476607598528,0,Normal
674,0.23500874432750124,0,Normal
675,0.2214856131212602,0,Normal
676,0.505590231711094,1,MI
677,0.5147724636327425,1,MI
678,0.510214352694333,1,MI
679,0.5142909416183093,1,MI
680,0.22367954722605804,0,Normal
681,0.5165764406443677,1,MI
682,0.508624803047393,1,MI
683,0.5054965443933029,1,MI
684,0.22499101379735947,0,Normal
685,0.5083887042502638,1,MI
686,0.20838037071395027,0,Normal
687,0.5116833573210188,1,MI
688,0.5131571384209801,1,MI
689,0.5134391031899017,1,MI
690,0.5128337755661199,1,MI
691,0.512044612569491,1,MI
692,0.5117556654383617,1,MI
693,0.21032583997071963,0,Normal
694,0.5054773503354775,1,MI
695,0.22348130317732579,0,Normal
696,0.5103058554566301,1,MI
697,0.22067273453069375,0,Normal
698,0.2251626137543638,0,Normal
699,0.5086750949408873,1,MI
700,0.21530091650011068,0,Normal
701,0.21233832100543115,0,Normal
702,0.5141540480461332,1,MI
703,0.5112849217404908,1,MI
704,0.22712680167847582,0,Normal
705,0.5135320083069418,1,MI
706,0.22390214707359068,0,Normal
707,0.22641521021431188,0,Normal
708,0.2255686111265442,0,Normal
709,0.5067781777555853,1,MI
710,0.5146414560827409,1,MI
711,0.2289096070152396,0,Normal
712,0.23333137141190502,0,Normal
713,0.2230846625317458,0,Normal
714,0.2200899956028548,0,Normal
715,0.5103984794195183,1,MI
716,0.22155117397490914,0,Normal
717,0.21472925683980681,0,Normal
718,0.5116085483425137,1,MI
719,0.5078244917962613,1,MI
720,0.5071073359994531,1,MI
721,0.5078259090458961,1,MI
722,0.5068751928146102,1,MI
723,0.5016861657323803,1,MI
724,0.5087906731491081,1,MI
725,0.20695034940478219,0,Normal
726,0.5090800465020544,1,MI
727,0.5091845964718827,1,MI
728,0.5113521827052828,1,MI
729,0.5112296628637901,1,MI
730,0.21989771645509898,0,Normal
731,0.5050871341800796,1,MI
732,0.5124985193705576,1,MI
733,0.22429531882476672,0,Normal
734,0.22504745594654185,0,Normal
735,0.5122784981464062,1,MI
736,0.5124053763792125,1,MI
737,0.5099865697964954,1,MI
738,0.5099670947685705,1,MI
739,0.22051862956231355,0,Normal
740,0.5118508118315097,1,MI
741,0.2321115453157538,0,Normal
742,0.22403876408918316,0,Normal
743,0.5046417125407385,1,MI
744,0.5121978125937489,1,MI
745,0.2150480793291879,0,Normal
746,0.5098256377969972,1,MI
747,0.5070657214667068,1,MI
748,0.21378059959454188,0,Normal
749,0.5042443063602021,1,MI
750,0.23245627936016539,0,Normal
751,0.512003776261248,1,MI
752,0.5093347685383243,1,MI
753,0.2200988016446216,0,Normal
754,0.22678687224952687,0,Normal
755,0.5085985118953233,1,MI
756,0.5167087171025464,1,MI
757,0.22849000286855553,0,Normal
758,0.22635873445180804,0,Normal
759,0.23258927249135047,0,Normal
760,0.5088587903163003,1,MI
761,0.5128468426278643,1,MI
762,0.23895010849210768,0,Normal
763,0.5073953916844158,1,MI
764,0.5098041791699933,1,MI
765,0.21310646831158236,0,Normal
766,0.2128559556810511,0,Normal
767,0.22356752883271197,0,Normal
768,0.506396631948164,1,MI
769,0.5096736707667497,1,MI
770,0.5085136413010273,1,MI
771,0.22067017243956838,0,Normal
772,0.2217384272528789,0,Normal
773,0.5012921704766778,1,MI
774,0.2208976929338673,0,Normal
775,0.5114864048914558,1,MI
776,0.22490152521988932,0,Normal
777,0.21860806100228014,0,Normal
778,0.22284425467543756,0,Normal
779,0.22236342754757132,0,Normal
780,0.5154881059423411,1,MI
781,0.5110663952428298,1,MI
782,0.2186533160462451,0,Normal
783,0.22727203570223764,0,Normal
784,0.2378570108159358,0,Normal
785,0.21039959721914525,0,Normal
786,0.20700821709417583,0,Normal
787,0.216126622271336,0,Normal
788,0.5105932125215916,1,MI
789,0.2242564326485948,0,Normal
790,0.2233793235737312,0,Normal
791,0.243669508082885,0,Normal
792,0.24116755277634727,0,Normal
793,0.2185801374092592,0,Normal
794,0.23659433488631254,0,Normal
795,0.21947988091415982,0,Normal
796,0.5043300995262877,1,MI
797,0.23510091945159073,0,Normal
798,0.22904709399897083,0,Normal
799,0.506430889179749,1,MI
800,0.5086667137921737,1,MI
801,0.5139981305295597,1,MI
802,0.22977545260288768,0,Normal
803,0.21569137210826977,0,Normal
804,0.5050154019449152,1,MI
805,0.5080149186216744,1,MI
806,0.2238814318487778,0,Normal
807,0.5096931181365165,1,MI
808,0.22669838235414297,0,Normal
809,0.2269822592106585,0,Normal
810,0.5044433474020998,1,MI
811,0.21682768498339322,0,Normal
812,0.5115502979613861,1,MI
813,0.2335166452998218,0,Normal
814,0.5083403116284145,1,MI
815,0.21673960667136305,0,Normal
816,0.5077160225585048,1,MI
817,0.5130457120198114,1,MI
818,0.5086141269631284,1,MI
819,0.5101326153506488,1,MI
820,0.5140897089253685,1,MI
821,0.5163816057595173,1,MI
822,0.5143398816980312,1,MI
823,0.2315646482493246,0,Normal
824,0.22878527609403004,0,Normal
825,0.22853572424445928,0,Normal
826,0.5090169999932203,1,MI
827,0.22347697204238237,0,Normal
828,0.21606602625934035,0,Normal
829,0.5089655034727761,1,MI
830,0.5113753482858177,1,MI
831,0.22852016967986089,0,Normal
832,0.22630228887156445,0,Normal
833,0.5100387636064783,1,MI
834,0.22315587164575063,0,Normal
835,0.508335905358699,1,MI
836,0.22832557541242932,0,Normal
837,0.5047997029220399,1,MI
838,0.5100326166244159,1,MI
839,0.509515501193188,1,MI
840,0.2253043675653641,0,Normal
841,0.22014297147009776,0,Normal
842,0.5059898732009717,1,MI
843,0.5079355592110089,1,MI
844,0.23241153960656763,0,Normal
845,0.5070408713821214,1,MI
846,0.21310773984585418,0,Normal
847,0.5124835669993735,1,MI
848,0.5061931792288151,1,MI
849,0.5109652490108912,1,MI
850,0.5111883676979927,1,MI
851,0.22705057428645925,0,Normal
852,0.5102570539035456,1,MI
853,0.5045926695242223,1,MI
854,0.22554216230714014,0,Normal
855,0.22440395003434427,0,Normal
856,0.2134336927461295,0,Normal
857,0.22033834864654805,0,Normal
858,0.2300175088986246,0,Normal
859,0.23282795009471147,0,Normal
860,0.22942710016412216,0,Normal
861,0.5093733064503205,1,MI
862,0.5127421501914071,1,MI
863,0.5075838673522343,1,MI
864,0.5165470633275275,1,MI
865,0.22324606853098855,0,Normal
866,0.22457472131316747,0,Normal
867,0.21279883037957548,0,Normal
868,0.23423254910013108,0,Normal
869,0.23464381965473152,0,Normal
870,0.2146789619171267,0,Normal
871,0.22350053831251793,0,Normal
872,0.21250039563895284,0,Normal
873,0.5090306848462253,1,MI
874,0.2376509441340261,0,Normal
875,0.5082076822166804,1,MI
876,0.2371656415762265,0,Normal
877,0.5099136563844117,1,MI
878,0.22489687182043516,0,Normal
879,0.2302773066628555,0,Normal
880,0.5060367911503855,1,MI
881,0.5114213397380124,1,MI
882,0.23561848617704528,0,Normal
883,0.22222535345517164,0,Normal
884,0.49929710583399656,1,MI
885,0.2454378637369516,0,Normal
886,0.5063815958123994,1,MI
887,0.512720915558818,1,MI
888,0.2328813675846536,0,Normal
889,0.5182388784551494,1,MI
890,0.5099145122786233,1,MI
891,0.5067550123905505,1,MI
892,0.22235643261270388,0,Normal
893,0.5113054551957731,1,MI
894,0.21441513223891073,0,Normal
895,0.5122874342030933,1,MI
896,0.5087555889403121,1,MI
897,0.23128920605932257,0,Normal
898,0.5063151858628263,1,MI
899,0.22086159124802202,0,Normal
900,0.5097129156106001,1,MI
901,0.23095486483160327,0,Normal
902,0.22447850998001473,0,Normal
903,0.22559953340213384,0,Normal
904,0.22873531239806777,0,Normal
905,0.5086469043051018,1,MI
906,0.5140790891162706,1,MI
907,0.22152973088547367,0,Normal
908,0.2295498845302515,0,Normal
909,0.21356177964808676,0,Normal
910,0.20717411713074063,0,Normal
911,0.5116504602989226,1,MI
912,0.21871368159847937,0,Normal
913,0.23268401230281865,0,Normal
914,0.5116250121697823,1,MI
915,0.5054758845928315,1,MI
916,0.21913617137703523,0,Normal
917,0.5150794685399315,1,MI
918,0.22193689897836233,0,Normal
919,0.5097743825133579,1,MI
920,0.21887120173790997,0,Normal
921,0.5091349793532187,1,MI
922,0.21981247961181,0,Normal
923,0.22794677583049877,0,Normal
924,0.5115870066063577,1,MI
925,0.23680963951820766,0,Normal
926,0.5137312571955128,1,MI
927,0.23379502636239063,0,Normal
928,0.5087878314482256,1,MI
929,0.5087940805461356,1,MI
930,0.22341608500384597,0,Normal
931,0.22954056472860068,0,Normal
932,0.217456638490026,0,Normal
933,0.5110810401109945,1,MI
934,0.22691849353241728,0,Normal
935,0.2124199140874874,0,Normal
936,0.2288333664900905,0,Normal
937,0.21450510002746198,0,Normal
938,0.5100497025777747,1,MI
939,0.22617318274612613,0,Normal
940,0.220090069178005,0,Normal
941,0.2260269793333466,0,Normal
942,0.5124403980272207,1,MI
943,0.2230467653082983,0,Normal
944,0.5023989400935862,1,MI
945,0.2184881364793801,0,Normal
946,0.2354713621974242,0,Normal
947,0.22557436790164714,0,Normal
948,0.5109154254835753,1,MI
949,0.2233074658066006,0,Normal
950,0.512644841432521,1,MI
951,0.23380932904261414,0,Normal
952,0.22918621851893506,0,Normal
953,0.5122432718118806,1,MI
954,0.24409817118201088,0,Normal
955,0.5060285997891906,1,MI
956,0.5067701230983601,1,MI
957,0.5108494176087411,1,MI
958,0.2229115751603048,0,Normal
959,0.5059939754483568,1,MI
960,0.5145397307738854,1,MI
961,0.2220690516380061,0,Normal
962,0.5084644799398741,1,MI
963,0.5130525364068353,1,MI
964,0.5095121042396707,1,MI
965,0.5074790381359328,1,MI
966,0.5049362445774889,1,MI
967,0.22279145244234927,0,Normal
968,0.5069261674373093,1,MI
969,0.21768772650543922,0,Normal
970,0.22745506079285355,0,Normal
971,0.21538930480878732,0,Normal
972,0.5063234009477564,1,MI
973,0.2312463730854225,0,Normal
974,0.2192291791881935,0,Normal
975,0.23177972989859874,0,Normal
976,0.510148176344683,1,MI
977,0.22912324360002223,0,Normal
978,0.2161651436303142,0,Normal
979,0.22625876812299567,0,Normal
980,0.5049474787679156,1,MI
981,0.2297212306171414,0,Normal
982,0.5164476683030645,1,MI
983,0.23031182133086198,0,Normal
984,0.23879668787106811,0,Normal
985,0.2154520050181648,0,Normal
986,0.230224393843449,0,Normal
987,0.22166855021588122,0,Normal
988,0.5097641034065378,1,MI
989,0.5134389371273003,1,MI
990,0.5108049385520322,1,MI
991,0.5080769598326997,1,MI
992,0.5118043122342095,1,MI
993,0.21540884325125742,0,Normal
994,0.23142148344128666,0,Normal
995,0.5130741075626887,1,MI
996,0.2270104734110237,0,Normal
997,0.5129856340155379,1,MI
998,0.23672558802636884,0,Normal
999,0.5113648602975885,1,MI
1000,0.2403485888428749,0,Normal
1001,0.5129597874940196,1,MI
1002,0.50832293449705,1,MI
1003,0.5073408272143238,1,MI
1004,0.505624618461247,1,MI
1005,0.5088832779349967,1,MI
1006,0.23399558395509323,0,Normal
1007,0.22040841989632148,0,Normal
1008,0.21856797814085166,0,Normal
1009,0.22941856095770136,0,Normal
1010,0.221809960703376,0,Normal
1011,0.5099581051676166,1,MI
1012,0.5108028503985997,1,MI
1013,0.2287320399634491,0,Normal
1014,0.5018796554477801,1,MI
1015,0.22871831000359344,0,Normal
1016,0.23356795786274698,0,Normal
1017,0.5113269910868988,1,MI
1018,0.5090170097778074,1,MI
1019,0.21483042011763198,0,Normal
1020,0.5045313677990091,1,MI
1021,0.5086295845640536,1,MI
1022,0.23905300609329377,0,Normal
1023,0.23628335799561268,0,Normal
1024,0.21999859674621064,0,Normal
1025,0.21465425410897432,0,Normal
1026,0.22218581791903558,0,Normal
1027,0.5092687034004767,1,MI
1028,0.2312036134670415,0,Normal
1029,0.5143434899138952,1,MI
1030,0.5069674295615559,1,MI
1031,0.5146388770143047,1,MI
1032,0.2173767002870718,0,Normal
1033,0.5117464018260467,1,MI
1034,0.5126164867971321,1,MI
1035,0.5172949548866939,1,MI
1036,0.22680847710763663,0,Normal
1037,0.21808156523672628,0,Normal
1038,0.501771551305514,1,MI
1039,0.5162788403756213,1,MI
1040,0.5048319029944778,1,MI
1041,0.215743067890368,0,Normal
1042,0.5110327145363033,1,MI
1043,0.2282578943506326,0,Normal
1044,0.5141380480687524,1,MI
1045,0.5145558107854111,1,MI
1046,0.504858439317827,1,MI
1047,0.5057163940173549,1,MI
1048,0.5022069981209343,1,MI
1049,0.2276726611899113,0,Normal
1050,0.21506507714343248,0,Normal
1051,0.23342955699812423,0,Normal
1052,0.5117845102274595,1,MI
1053,0.5123767995514363,1,MI
1054,0.5192740410240316,1,MI
1055,0.5140419298590877,1,MI
1056,0.5100301427036528,1,MI
1057,0.23001361861736236,0,Normal
1058,0.22855864689238747,0,Normal
1059,0.22102801290354102,0,Normal
1060,0.2207776031430832,0,Normal
1061,0.5124575294740401,1,MI
1062,0.5076375377625854,1,MI
1063,0.22711567905015684,0,Normal
1064,0.23549985248538846,0,Normal
1065,0.5127569340954199,1,MI
1066,0.5134817233626596,1,MI
1067,0.21137496015821872,0,Normal
1068,0.5051277205401398,1,MI
1069,0.22690572891799554,0,Normal
1070,0.2272026526912233,0,Normal
1071,0.5169750626576639,1,MI
1072,0.5128866483329028,1,MI
1073,0.2272463400045443,0,Normal
1074,0.5117351298029017,1,MI
1075,0.2152974897091109,0,Normal
1076,0.5122104125820834,1,MI
1077,0.5132824600560042,1,MI
1078,0.5096641663416039,1,MI
1079,0.229656340422428,0,Normal
1080,0.2100625215025656,0,Normal
1081,0.509465041658925,1,MI
1082,0.22793106527363527,0,Normal
1083,0.2115584754057207,0,Normal
1084,0.22753310235594298,0,Normal
1085,0.5123958517329315,1,MI
1086,0.2218041773722591,0,Normal
1087,0.23256217878524804,0,Normal
1088,0.21888522252158432,0,Normal
1089,0.23586306982477873,0,Normal
1090,0.5088443214974928,1,MI
1091,0.22542298119542747,0,Normal
1092,0.5123418829634787,1,MI
1093,0.5140077928366346,1,MI
1094,0.22284791823164213,0,Normal
1095,0.5110309376391523,1,MI
1096,0.2141211037087392,0,Normal
1097,0.21468071727567672,0,Normal
1098,0.22807260429912612,0,Normal
1099,0.5111086773627332,1,MI
1100,0.21936359326954497,0,Normal
1101,0.5067549070281159,1,MI
1102,0.5149580961010043,1,MI
1103,0.2153552713922519,0,Normal
1104,0.5114356988538177,1,MI
1105,0.23123063509771263,0,Normal
1106,0.2203781934225481,0,Normal
1107,0.23676280580340803,0,Normal
1108,0.22450836749328595,0,Normal
1109,0.21846496554279404,0,Normal
1110,0.22259350649609488,0,Normal
1111,0.22238408345664673,0,Normal
1112,0.21649299436840702,0,Normal
1113,0.2282916241583895,0,Normal
1114,0.5100819418978465,1,MI
1115,0.22333865375990403,0,Normal
1116,0.2190531292513298,0,Normal
1117,0.5135481262293994,1,MI
1118,0.510320369935329,1,MI
1119,0.2137328758593261,0,Normal
1120,0.5078634522572906,1,MI
1121,0.2380530727150224,0,Normal
1122,0.22280728285988644,0,Normal
1123,0.23864735415311528,0,Normal
1124,0.5099204833725327,1,MI
1125,0.5110794493154663,1,MI
1126,0.5117049310124712,1,MI
1127,0.5062504765232048,1,MI
1128,0.5172379194516706,1,MI
1129,0.22885382127719184,0,Normal
1130,0.5076475233900968,1,MI
1131,0.22759108550943397,0,Normal
1132,0.5110454917613082,1,MI
1133,0.23124308327056026,0,Normal
1134,0.5111402455313684,1,MI
1135,0.5146925768764067,1,MI
1136,0.21967772411209918,0,Normal
1137,0.21477642507088968,0,Normal
1138,0.5085470185016856,1,MI
1139,0.5106398138946531,1,MI
1140,0.5115028839153442,1,MI
1141,0.5082653320675331,1,MI
1142,0.22979069538196362,0,Normal
1143,0.21674139062870673,0,Normal
1144,0.21307483645315817,0,Normal
1145,0.22255198963179346,0,Normal
1146,0.23382249947996814,0,Normal
1147,0.5091633052461441,1,MI
1148,0.22333681692943064,0,Normal
1149,0.22841399323397832,0,Normal
1150,0.24494536184064958,0,Normal
1151,0.2272911538597595,0,Normal
1152,0.5113170291676875,1,MI
1153,0.5106562742605308,1,MI
1154,0.5088502188828817,1,MI
1155,0.5128277620310115,1,MI
1156,0.5175176729795362,1,MI
1157,0.22798862386697427,0,Normal
1158,0.22590346800315358,0,Normal
1159,0.5066824812881713,1,MI
1160,0.5135933887468939,1,MI
1161,0.2190532728119291,0,Normal
1162,0.5104228431929138,1,MI
1163,0.5112293352253713,1,MI
1164,0.23595702155723736,0,Normal
1165,0.21683910083649038,0,Normal
1166,0.22939103646714537,0,Normal
1167,0.22547285705065084,0,Normal
1168,0.2344777794609723,0,Normal
1169,0.21842694440183152,0,Normal
1170,0.5037499587230879,1,MI
1171,0.5078356418465546,1,MI
1172,0.5109455706392118,1,MI
1173,0.505337394407573,1,MI
1174,0.511955819625914,1,MI
1175,0.5060446079604719,1,MI
1176,0.5111741876372367,1,MI
1177,0.21527223406093077,0,Normal
1178,0.5127028163374595,1,MI
1179,0.21568487976454376,0,Normal
1180,0.2168540914487293,0,Normal
1181,0.22474197622157782,0,Normal
1182,0.5120049676181306,1,MI
1183,0.21446682648905746,0,Normal
1184,0.505155666801911,1,MI
1185,0.5117901807209476,1,MI
1186,0.5098736686040565,1,MI
1187,0.50476579928489,1,MI
1188,0.22114063332581302,0,Normal
1189,0.23145553340920527,0,Normal
1190,0.5084596375855177,1,MI
1191,0.23193367666059767,0,Normal
1192,0.5083699874036292,1,MI
1193,0.5145541514915138,1,MI
1194,0.5123403409453003,1,MI
1195,0.21491633079922862,0,Normal
1196,0.508457870182545,1,MI
1197,0.5100629942670323,1,MI
1198,0.5013307286084547,1,MI
1199,0.5060138666495263,1,MI
1200,0.5135252507279121,1,MI
1201,0.5028216411659864,1,MI
1202,0.23488890350391423,0,Normal
1203,0.5114205706843737,1,MI
1204,0.5016901797201812,1,MI
1205,0.2110488079021975,0,Normal
1206,0.21701830075902023,0,Normal
1207,0.5090377164833427,1,MI
1208,0.21446383554624193,0,Normal
1209,0.21420795444766338,0,Normal
1210,0.5081805993742425,1,MI
1211,0.5054764572822515,1,MI
1212,0.21889173457305205,0,Normal
1213,0.22635854297519276,0,Normal
1214,0.510792004707934,1,MI
1215,0.23438045591286344,0,Normal
1216,0.5107803552591973,1,MI
1217,0.5068605785096799,1,MI
1218,0.5096505156000969,1,MI
1219,0.5143385055034985,1,MI
1220,0.21771845794600275,0,Normal
1221,0.21760328826767622,0,Normal
1222,0.5088944294326896,1,MI
1223,0.5121007641792298,1,MI
1224,0.5120150429842303,1,MI
1225,0.508579930194812,1,MI
1226,0.5047934916583909,1,MI
1227,0.22302224375660568,0,Normal
1228,0.5089468511895464,1,MI
1229,0.22090485838086776,0,Normal
1230,0.23412556825457526,0,Normal
1231,0.22218779678944084,0,Normal
1232,0.5104469982942134,1,MI
1233,0.5078027837418212,1,MI
1234,0.5096532551621707,1,MI
1235,0.21158942145623444,0,Normal
1236,0.5093432964479658,1,MI
1237,0.5130077941443107,1,MI
1238,0.5044399273068586,1,MI
1239,0.5072968581857091,1,MI
1240,0.5049832006675228,1,MI
1241,0.22642610966980448,0,Normal
1242,0.5096844198531945,1,MI
1243,0.23335590135209533,0,Normal
1244,0.2202105500934315,0,Normal
1245,0.2276681743178945,0,Normal
1246,0.2353457177005735,0,Normal
1247,0.5118720005841102,1,MI
1248,0.21359397930945223,0,Normal
1249,0.2081652565944192,0,Normal
1250,0.23093805400990036,0,Normal
1251,0.5042777662813702,1,MI
1252,0.5123336679731711,1,MI
1253,0.22313747999319505,0,Normal
1254,0.5130645023237096,1,MI
1255,0.5108569907445721,1,MI
1256,0.509570507689055,1,MI
1257,0.22450259737850642,0,Normal
1258,0.2163422143407644,0,Normal
1259,0.230093816426568,0,Normal
1260,0.5063799231244017,1,MI
1261,0.509920979700515,1,MI
1262,0.21838883283859872,0,Normal
1263,0.21868658668744978,0,Normal
1264,0.5034438019163009,1,MI
1265,0.2074137370894068,0,Normal
1266,0.22967428026523434,0,Normal
1267,0.514774939007496,1,MI
1268,0.22213019409869084,0,Normal
1269,0.22831980998592655,0,Normal
1270,0.5106748746173908,1,MI
1271,0.5060035481858871,1,MI
1272,0.22724459806348546,0,Normal
1273,0.20932535322310786,0,Normal
1274,0.2236135063645433,0,Normal
1275,0.5103599942227829,1,MI
1276,0.5135843315557642,1,MI
1277,0.22574553509145406,0,Normal
1278,0.5035616550560353,1,MI
1279,0.5120814702552595,1,MI
1280,0.23188009710271762,0,Normal
1281,0.5100524708718576,1,MI
1282,0.508745221115849,1,MI
1283,0.5132955097852129,1,MI
1284,0.5084939220475665,1,MI
1285,0.22349440241093976,0,Normal
1286,0.22271305492722154,0,Normal
1287,0.507425094998298,1,MI
1288,0.22192941148076345,0,Normal
1289,0.5104211809798322,1,MI
1290,0.5084366433168483,1,MI
1291,0.22394562516365318,0,Normal
1292,0.22377006164541868,0,Normal
1293,0.2206861276303767,0,Normal
1294,0.5106649481152463,1,MI
1295,0.21049027573546492,0,Normal
1296,0.23630110412663013,0,Normal
1297,0.5075079420223457,1,MI
1298,0.5128449061647006,1,MI
1299,0.510936253036985,1,MI
1300,0.23594044219341087,0,Normal
1301,0.22070032527853978,0,Normal
1302,0.5167141848640836,1,MI
1303,0.2288371867203297,0,Normal
1304,0.2083015423549071,0,Normal
1305,0.22544384593572497,0,Normal
1306,0.5161580523830175,1,MI
1307,0.21473906691134192,0,Normal
1308,0.2246623832024917,0,Normal
1309,0.5102855281680702,1,MI
1310,0.2158284075024523,0,Normal
1311,0.22731603967289638,0,Normal
1312,0.5142364888372035,1,MI
1313,0.23677263519853403,0,Normal
1314,0.5086625178918738,1,MI
1315,0.509538177916307,1,MI
1316,0.5098582768103097,1,MI
1317,0.22874228360710974,0,Normal
1318,0.2220957189343037,0,Normal
1319,0.22482284822537085,0,Normal
1320,0.51396362778094,1,MI
1321,0.5105400868857776,1,MI
1322,0.2309641443867278,0,Normal
1323,0.2174900232136846,0,Normal
1324,0.22315816556465812,0,Normal
1325,0.2219059355052948,0,Normal
1326,0.5137797202591987,1,MI
1327,0.22500883107270436,0,Normal
1328,0.5109499413609541,1,MI
1329,0.5141988531573207,1,MI
1330,0.21999276306007082,0,Normal
1331,0.23624637054544145,0,Normal
1332,0.5038870532744086,1,MI
1333,0.22170830593935054,0,Normal
1334,0.5123618344981731,1,MI
1335,0.23253613540724677,0,Normal
1336,0.5090916182195687,1,MI
1337,0.5099835235418159,1,MI
1338,0.5122188410180699,1,MI
1339,0.5075176388449757,1,MI
1340,0.21825779930972006,0,Normal
1341,0.2294181581166148,0,Normal
1342,0.5078610110969726,1,MI
1343,0.2259618717334652,0,Normal
1344,0.2197251727457077,0,Normal
1345,0.5073091790347127,1,MI
1346,0.5100584835170485,1,MI
1347,0.2082561401869391,0,Normal
1348,0.5078316527156117,1,MI
1349,0.5144785459302882,1,MI
1350,0.5076511621409041,1,MI
1351,0.22747013221657553,0,Normal
1352,0.5111799872928363,1,MI
1353,0.5105185286522166,1,MI
1354,0.22059455263297528,0,Normal
1355,0.5104292208567939,1,MI
1356,0.508569004102101,1,MI
1357,0.5090409278026019,1,MI
1358,0.5069352305238581,1,MI
1359,0.2290580710025536,0,Normal
1360,0.5107547375827495,1,MI
1361,0.5132771408891079,1,MI
1362,0.5124898260226785,1,MI
1363,0.23911074076448668,0,Normal
1364,0.5100372078043782,1,MI
1365,0.21870853099144638,0,Normal
1366,0.2179362549499309,0,Normal
1367,0.24037665980376727,0,Normal
1368,0.5089428516589963,1,MI
1369,0.2320018826468438,0,Normal
1370,0.5056981644306215,1,MI
1371,0.5121182660640198,1,MI
1372,0.21296737108212777,0,Normal
1373,0.5035766378591937,1,MI
1374,0.5100101670551249,1,MI
1375,0.2288278412607715,0,Normal
1376,0.22956588328134553,0,Normal
1377,0.23021449119944987,0,Normal
1378,0.22389665589184238,0,Normal
1379,0.5065780945983669,1,MI
1380,0.22020323389367813,0,Normal
1381,0.5139853526572337,1,MI
1382,0.5096729480134338,1,MI
1383,0.5088363224718474,1,MI
1384,0.5066162652238158,1,MI
1385,0.21840283766440666,0,Normal
1386,0.21255923852238584,0,Normal
1387,0.22611706457584269,0,Normal
1388,0.5108402539946348,1,MI
1389,0.5092865775678093,1,MI
1390,0.2224014312525608,0,Normal
1391,0.5090129836545814,1,MI
1392,0.21445594143365704,0,Normal
1393,0.22044008538848664,0,Normal
1394,0.2328398231866094,0,Normal
1395,0.510677760172137,1,MI
1396,0.5151736009746508,1,MI
1397,0.22369609399164103,0,Normal
1398,0.5123163455012938,1,MI
1399,0.5087641497402683,1,MI
1400,0.22155034374362237,0,Normal
1401,0.5127394780187648,1,MI
1402,0.5069020506488578,1,MI
1403,0.22960967068398913,0,Normal
1404,0.2243326778671207,0,Normal
1405,0.23111819260751515,0,Normal
1406,0.2183419566064848,0,Normal
1407,0.21220966598170987,0,Normal
1408,0.5121206702930334,1,MI
1409,0.2126090802377522,0,Normal
1410,0.22188876125215345,0,Normal
1411,0.5095637892551887,1,MI
1412,0.23071657970303472,0,Normal
1413,0.5123923215285969,1,MI
1414,0.5087465843174782,1,MI
1415,0.24287889691886755,0,Normal
1416,0.2138718675284772,0,Normal
1417,0.23587926758468647,0,Normal
1418,0.22764943097215434,0,Normal
1419,0.5069372354633801,1,MI
1420,0.2313323003785394,0,Normal
1421,0.22560517406269476,0,Normal
1422,0.5109189207696702,1,MI
1423,0.5095784465884257,1,MI
1424,0.21966200241235634,0,Normal
1425,0.22243394276938833,0,Normal
1426,0.5110880452568616,1,MI
1427,0.2229810787599465,0,Normal
1428,0.21760096999427486,0,Normal
1429,0.23403547232756072,0,Normal
1430,0.2349028771589869,0,Normal
1431,0.5098591536148472,1,MI
1432,0.5147264719864415,1,MI
1433,0.2225695456115555,0,Normal
1434,0.2157120567125208,0,Normal
1435,0.5091253156754801,1,MI
1436,0.21671118118018728,0,Normal
1437,0.2206493422486117,0,Normal
1438,0.2236869405572977,0,Normal
1439,0.24249221602329285,0,Normal
1440,0.5044912146067139,1,MI
1441,0.23452165991341906,0,Normal
1442,0.5084436814744081,1,MI
1443,0.21918301808930446,0,Normal
1444,0.5046465690802449,1,MI
1445,0.22890005665643204,0,Normal
1446,0.21912846563786398,0,Normal
1447,0.21960245560125602,0,Normal
1448,0.5120953326727694,1,MI
1449,0.21990100165187265,0,Normal
1450,0.5139296688565664,1,MI
1451,0.510291815465034,1,MI
1452,0.518163413590269,1,MI
1453,0.21589312165506308,0,Normal
1454,0.22001924580293375,0,Normal
1455,0.5048222237790527,1,MI
1456,0.515174235710962,1,MI
1457,0.5153662432254492,1,MI
1458,0.2202923659711143,0,Normal
1459,0.5051657527184117,1,MI
1460,0.5081926536969893,1,MI
1461,0.5124199084494359,1,MI
1462,0.21397742703709116,0,Normal
1463,0.22697326526997402,0,Normal
1464,0.22509570848611232,0,Normal
1465,0.2197471091422709,0,Normal
1466,0.2435419367695299,0,Normal
1467,0.21289125448953627,0,Normal
1468,0.22181606180807423,0,Normal
1469,0.5125942493592837,1,MI
1470,0.5128388995228752,1,MI
1471,0.22043425313794013,0,Normal
1472,0.2155973267865215,0,Normal
1473,0.517115284048756,1,MI
1474,0.24434980925217048,0,Normal
1475,0.5083891605565813,1,MI
1476,0.5075240909022176,1,MI
1477,0.5114669684912146,1,MI
1478,0.5083532490720729,1,MI
1479,0.21350052952734755,0,Normal
1480,0.21860666907560533,0,Normal
1481,0.22766823751778897,0,Normal
1482,0.22822364330938205,0,Normal
1483,0.22356259580993615,0,Normal
1484,0.5068420306498683,1,MI
1485,0.5114258165995862,1,MI
1486,0.5054143292257663,1,MI
1487,0.21211149313767097,0,Normal
1488,0.509807519419604,1,MI
1489,0.22358038676311315,0,Normal
1490,0.5114345294677727,1,MI
1491,0.21932586269255838,0,Normal
1492,0.2217631658609453,0,Normal
1493,0.5158481136375854,1,MI
1494,0.5140342013120252,1,MI
1495,0.5075603830766001,1,MI
1496,0.5157998155020701,1,MI
1497,0.5123926693875996,1,MI
1498,0.23215253511043488,0,Normal
1499,0.21022770974271016,0,Normal
1500,0.22392171706011404,0,Normal
1501,0.51251097713153,1,MI
1502,0.21464927630250796,0,Normal
1503,0.2118499921698037,0,Normal
1504,0.5075222436559546,1,MI
1505,0.23560352954813174,0,Normal
1506,0.20913723389635758,0,Normal
1507,0.5048848537346782,1,MI
1508,0.5132737213931455,1,MI
1509,0.22718905063334316,0,Normal
1510,0.21490243050779262,0,Normal
1511,0.5148930160866663,1,MI
1512,0.21557865899068868,0,Normal
1513,0.510348327548156,1,MI
1514,0.509557520818068,1,MI
1515,0.5057720811216976,1,MI
1516,0.2176423943812733,0,Normal
1517,0.21449836726553434,0,Normal
1518,0.5076914816614051,1,MI
1519,0.5099307235263684,1,MI
1520,0.22423503922631782,0,Normal
1521,0.5089965426183694,1,MI
1522,0.23470510713638743,0,Normal
1523,0.2278284386374631,0,Normal
1524,0.5117245868834589,1,MI
1525,0.5099587901288092,1,MI
1526,0.5090163920791131,1,MI
1527,0.5139613715100132,1,MI
1528,0.22290957232599812,0,Normal
1529,0.22108351908879875,0,Normal
1530,0.21287791911475468,0,Normal
1531,0.2134475721415821,0,Normal
1532,0.23067719957094468,0,Normal
1533,0.5110223157211606,1,MI
1534,0.5114823966154706,1,MI
1535,0.23581712109208824,0,Normal
1536,0.22817910211394893,0,Normal
1537,0.5103605479588994,1,MI
1538,0.509993885519057,1,MI
1539,0.5090103196608636,1,MI
1540,0.22815485626424836,0,Normal
1541,0.5112311773497517,1,MI
1542,0.21823568978734614,0,Normal
1543,0.5064829694283575,1,MI
1544,0.505258381462281,1,MI
1545,0.22656932911543154,0,Normal
1546,0.5094744677792705,1,MI
1547,0.2158272498042869,0,Normal
1548,0.5119146563250678,1,MI
1549,0.23273894904273407,0,Normal
1550,0.22499528927729823,0,Normal
1551,0.5094350496451241,1,MI
1552,0.5070201776154417,1,MI
1553,0.2335668960103831,0,Normal
1554,0.5079519226896898,1,MI
1555,0.5152453959137963,1,MI
1556,0.505157399865142,1,MI
1557,0.22734735902727282,0,Normal
1558,0.22464462889650283,0,Normal
1559,0.23147281528378444,0,Normal
1560,0.5009949578037366,1,MI
1561,0.22971110473041,0,Normal
1562,0.5067251089457345,1,MI
1563,0.5068531046959605,1,MI
1564,0.5045827636949795,1,MI
1565,0.5053333642252315,1,MI
1566,0.5095054666412089,1,MI
1567,0.5093116947805165,1,MI
1568,0.2208274454103975,0,Normal
1569,0.2153995145216277,0,Normal
1570,0.2357643248850697,0,Normal
1571,0.22909290740950689,0,Normal
1572,0.22376890569937768,0,Normal
1573,0.510598074975959,1,MI
1574,0.514902653966186,1,MI
1575,0.23959272789220998,0,Normal
1576,0.22950491976512033,0,Normal
1577,0.21931417300258438,0,Normal
1578,0.5026637486142416,1,MI
1579,0.227453788918131,0,Normal
1580,0.5062745808268425,1,MI
1581,0.507820745697081,1,MI
1582,0.5072349704049008,1,MI
1583,0.5106650016458352,1,MI
1584,0.22305731149989783,0,Normal
1585,0.23524233937111477,0,Normal
1586,0.5136047878620962,1,MI
1587,0.5070359364819383,1,MI
1588,0.5101339022249634,1,MI
1589,0.22914590156509684,0,Normal
1590,0.21550987792760118,0,Normal
1591,0.23294169506492102,0,Normal
1592,0.5126639002406634,1,MI
1593,0.506670310655788,1,MI
1594,0.5063310120152329,1,MI
1595,0.5124124672114455,1,MI
1596,0.5101917802903266,1,MI
1597,0.21666643025013965,0,Normal
1598,0.2362650554893893,0,Normal
1599,0.510932512820417,1,MI
1600,0.2255772055721998,0,Normal
1601,0.5084188748764774,1,MI
1602,0.21575909134393473,0,Normal
1603,0.22548885381392236,0,Normal
1604,0.21982713524392827,0,Normal
1605,0.2042012749079819,0,Normal
1606,0.22042713250161838,0,Normal
1607,0.214151179665373,0,Normal
1608,0.512072164808544,1,MI
1609,0.22515290120046877,0,Normal
1610,0.2202829606183473,0,Normal
1611,0.5087653661962604,1,MI
1612,0.5160090721112814,1,MI
1613,0.22350975131983086,0,Normal
1614,0.5132790808470211,1,MI
1615,0.22011405783447252,0,Normal
1616,0.22591073625972835,0,Normal
1617,0.5111766037990336,1,MI
1618,0.22741343813139436,0,Normal
1619,0.22140514788843113,0,Normal
1620,0.5122382204419528,1,MI
1621,0.22393355645335838,0,Normal
1622,0.23502398195517044,0,Normal
1623,0.22267590651496766,0,Normal
1624,0.21591458119054768,0,Normal
1625,0.22656147623472522,0,Normal
1626,0.5076629867557115,1,MI
1627,0.507278114724937,1,MI
1628,0.5134124847857731,1,MI
1629,0.5141524418618217,1,MI
1630,0.2310319869228593,0,Normal
1631,0.21783346304510998,0,Normal
1632,0.5088029372302306,1,MI
1633,0.5134561608215926,1,MI
1634,0.2174379406289892,0,Normal
1635,0.5124225632571289,1,MI
1636,0.22381684785936468,0,Normal
1637,0.2237702450424338,0,Normal
1638,0.5122763440939151,1,MI
1639,0.21897781044076975,0,Normal
1640,0.21081278566472555,0,Normal
1641,0.22819862787474543,0,Normal
1642,0.5092079347487626,1,MI
1643,0.225627447816588,0,Normal
1644,0.23096670564620753,0,Normal
1645,0.5056759035831145,1,MI
1646,0.5100738922250452,1,MI
1647,0.5077527838863346,1,MI
1648,0.5158274474880679,1,MI
1649,0.22293330729308114,0,Normal
1650,0.2237859008884086,0,Normal
1651,0.5084275882642155,1,MI
1652,0.5075277973643055,1,MI
1653,0.23344670808573809,0,Normal
1654,0.22386301875248138,0,Normal
1655,0.5049248152374963,1,MI
1656,0.5136438693792026,1,MI
1657,0.2162607996940843,0,Normal
1658,0.512244913362713,1,MI
1659,0.22017964838604792,0,Normal
1660,0.5065228954649249,1,MI
1661,0.22275372369052743,0,Normal
1662,0.2205269921218465,0,Normal
1663,0.5082324502217435,1,MI
1664,0.5144758441620325,1,MI
1665,0.511314487216727,1,MI
1666,0.5083159534272773,1,MI
1667,0.5131664045635639,1,MI
1668,0.22478462398799454,0,Normal
1669,0.5065223703037925,1,MI
1670,0.5172291615453453,1,MI
1671,0.21874305898186264,0,Normal
1672,0.511398837540633,1,MI
1673,0.23479392347551492,0,Normal
1674,0.505207486418531,1,MI
1675,0.22369692551574505,0,Normal
1676,0.5127087565960763,1,MI
1677,0.2248874814403194,0,Normal
1678,0.5062292821205062,1,MI
1679,0.23138575308656428,0,Normal
1680,0.5094879530725671,1,MI
1681,0.22179616259176071,0,Normal
1682,0.2265012547510114,0,Normal
1683,0.22685092381418287,0,Normal
1684,0.5060944110852051,1,MI
1685,0.22249230995678154,0,Normal
1686,0.22830633287495533,0,Normal
1687,0.5097205481187945,1,MI
1688,0.24676367207748645,0,Normal
1689,0.2233255711638481,0,Normal
1690,0.22388442553185778,0,Normal
1691,0.2238728929003097,0,Normal
1692,0.2173549744477784,0,Normal
1693,0.5090997929518253,1,MI
1694,0.5130133601701236,1,MI
1695,0.5068074994096265,1,MI
1696,0.2239556160759088,0,Normal
1697,0.22695826941410974,0,Normal
1698,0.22109258578086194,0,Normal
1699,0.5141843283780797,1,MI
1700,0.5114157832068909,1,MI
1701,0.22363837845876988,0,Normal
1702,0.5101811805837421,1,MI
1703,0.5087157254375092,1,MI
1704,0.511611339363509,1,MI
1705,0.22655388239853935,0,Normal
1706,0.21331240013628083,0,Normal
1707,0.5058956964289965,1,MI
1708,0.5123574910375697,1,MI
1709,0.507293317699766,1,MI
1710,0.21817037073594164,0,Normal
1711,0.5130960642282546,1,MI
1712,0.5077861332594198,1,MI
1713,0.5083095083999812,1,MI
1714,0.22350736235804092,0,Normal
1715,0.23160558695264455,0,Normal
1716,0.5061746736983755,1,MI
1717,0.22177628948499511,0,Normal
1718,0.5116657281699178,1,MI
1719,0.22054577167708123,0,Normal
1720,0.224716863989544,0,Normal
1721,0.20996884911334524,0,Normal
1722,0.22081058200778003,0,Normal
1723,0.2318907721491013,0,Normal
1724,0.508572620930731,1,MI
1725,0.5052525493817285,1,MI
1726,0.5075806015519739,1,MI
1727,0.5082448291136221,1,MI
1728,0.22958788521533446,0,Normal
1729,0.5107369473759019,1,MI
1730,0.5122202766210514,1,MI
1731,0.23372705436689628,0,Normal
1732,0.22688929471448888,0,Normal
1733,0.2322020519912369,0,Normal
1734,0.2156333902726672,0,Normal
1735,0.2184468615156535,0,Normal
1736,0.5139865416369025,1,MI
1737,0.5067587185015012,1,MI
1738,0.5075756529155543,1,MI
1739,0.5089841950735594,1,MI
1740,0.5043627130028262,1,MI
1741,0.2253565810948514,0,Normal
1742,0.2277635196435327,0,Normal
1743,0.21564309281581284,0,Normal
1744,0.23163814586985915,0,Normal
1745,0.5120223259296975,1,MI
1746,0.5137004976096142,1,MI
1747,0.23399301043349102,0,Normal
1748,0.5133757981422071,1,MI
1749,0.20730453183593228,0,Normal
1750,0.50898383795138,1,MI
1751,0.5094904687303498,1,MI
1752,0.5137068201271026,1,MI
1753,0.507419519560062,1,MI
1754,0.5109383863858691,1,MI
1755,0.5102343770802142,1,MI
1756,0.1988692818142278,0,Normal
1757,0.5113191733537419,1,MI
1758,0.5064913282451813,1,MI
1759,0.5104542117952906,1,MI
1760,0.5084259199285039,1,MI
1761,0.5073730783332238,1,MI
1762,0.5072859910119802,1,MI
1763,0.5081126681872502,1,MI
1764,0.22423102206099726,0,Normal
1765,0.23507349892442658,0,Normal
1766,0.23244415054639217,0,Normal
1767,0.23167444510659124,0,Normal
1768,0.22184680245600696,0,Normal
1769,0.22305524418025346,0,Normal
1770,0.5074994173878276,1,MI
1771,0.22385548936893757,0,Normal
1772,0.2260119225681792,0,Normal
1773,0.5128741348860071,1,MI
1774,0.5011718766534002,1,MI
1775,0.2289373655156804,0,Normal
1776,0.22023364869278306,0,Normal
1777,0.5108515970349764,1,MI
1778,0.22127802829756554,0,Normal
1779,0.5135744684586526,1,MI
1780,0.2264613926896749,0,Normal
1781,0.22832296644581285,0,Normal
1782,0.5060874957444287,1,MI
1783,0.5099391783743786,1,MI
1784,0.21889131046734311,0,Normal
1785,0.22671253924179563,0,Normal
1786,0.22621808929194553,0,Normal
1787,0.5090729280183891,1,MI
1788,0.5088428820930558,1,MI
1789,0.5119273461813919,1,MI
1790,0.5091957087479566,1,MI
1791,0.5091673197279333,1,MI
1792,0.22096974151406418,0,Normal
1793,0.5137218734439415,1,MI
1794,0.5075503400533231,1,MI
1795,0.5138956255351151,1,MI
1796,0.5049234195607485,1,MI
1797,0.5118885522426959,1,MI
1798,0.22648016912051272,0,Normal
1799,0.5120167953185577,1,MI
1800,0.5144843766762005,1,MI
1801,0.23226010376666406,0,Normal
1802,0.508583657463558,1,MI
1803,0.21947147409727297,0,Normal
1804,0.2344345826081961,0,Normal
1805,0.5139931641029954,1,MI
1806,0.5100061063211757,1,MI
1807,0.22136610015351854,0,Normal
1808,0.5121967834470024,1,MI
1809,0.5097362647654058,1,MI
1810,0.5150148754988452,1,MI
1811,0.5119573155583155,1,MI
1812,0.23002377911383393,0,Normal
1813,0.508227965025243,1,MI
1814,0.22953233650680743,0,Normal
1815,0.21820697635102776,0,Normal
1816,0.22635440406639945,0,Normal
1817,0.505782191660733,1,MI
1818,0.506576233833675,1,MI
1819,0.2220189974422575,0,Normal
1820,0.227393780105553,0,Normal
1821,0.2263545643254753,0,Normal
1822,0.21863930007749954,0,Normal
1823,0.5080080775657767,1,MI
1824,0.21409879620978972,0,Normal
1825,0.23069843303980625,0,Normal
1826,0.5139905627969836,1,MI
1827,0.5084259338766431,1,MI
1828,0.2287611208440869,0,Normal
1829,0.21570520655341607,0,Normal
1830,0.22367747633302903,0,Normal
1831,0.5082206785245206,1,MI
1832,0.508944343615054,1,MI
1833,0.2399649617333221,0,Normal
1834,0.5038830160840483,1,MI
1835,0.22239074069079445,0,Normal
1836,0.22173319774363676,0,Normal
1837,0.5100249591877817,1,MI
1838,0.22781307222396624,0,Normal
1839,0.5061212482702111,1,MI
1840,0.22814923918036606,0,Normal
1841,0.5123755481995403,1,MI
1842,0.21819682185747058,0,Normal
1843,0.2153265065472431,0,Normal
1844,0.5098000443544826,1,MI
1845,0.22117434373686806,0,Normal
1846,0.5073337465151878,1,MI
1847,0.5081503340936114,1,MI
1848,0.23533187284077972,0,Normal
1849,0.5087873007898849,1,MI
1850,0.5069878758034511,1,MI
1851,0.5111028748972694,1,MI
1852,0.22351258208529035,0,Normal
1853,0.22267854855327945,0,Normal
1854,0.5039754824565754,1,MI
1855,0.22986846131154687,0,Normal
1856,0.2109190901755792,0,Normal
1857,0.5085055044113435,1,MI
1858,0.22397102618673675,0,Normal
1859,0.509051378789604,1,MI
1860,0.5112299807776639,1,MI
1861,0.212537588962535,0,Normal
1862,0.22895855102867058,0,Normal
1863,0.5097627626380502,1,MI
1864,0.5159700244677945,1,MI
1865,0.21734677903626354,0,Normal
1866,0.5168404737347322,1,MI
1867,0.2304136190386034,0,Normal
1868,0.23715490099213887,0,Normal
1869,0.22163728088269785,0,Normal
1870,0.22825081796721686,0,Normal
1871,0.5122404724233353,1,MI
1872,0.5125635947300009,1,MI
1873,0.228360812766275,0,Normal
1874,0.5093416901308478,1,MI
1875,0.5104449357365828,1,MI
1876,0.21649271151733218,0,Normal
1877,0.5178784450648565,1,MI
1878,0.5091427308568197,1,MI
1879,0.21858654108389586,0,Normal
1880,0.5102968983930287,1,MI
1881,0.5108306422855601,1,MI
1882,0.5082100007317574,1,MI
1883,0.5033728485561592,1,MI
1884,0.2047127722930523,0,Normal
1885,0.22520253542650648,0,Normal
1886,0.21742069293008304,0,Normal
1887,0.5123773083289075,1,MI
1888,0.2138402878784058,0,Normal
1889,0.5125460929957679,1,MI
1890,0.5161996817900482,1,MI
1891,0.5096445458662223,1,MI
1892,0.23094782293704424,0,Normal
1893,0.22262359956108535,0,Normal
1894,0.23020760122318878,0,Normal
1895,0.509695150761562,1,MI
1896,0.509707197930876,1,MI
1897,0.22653839886128707,0,Normal
1898,0.22565183611947204,0,Normal
1899,0.22211924879524997,0,Normal
1900,0.5127242819447735,1,MI
1901,0.2387457195455842,0,Normal
1902,0.2223005108201454,0,Normal
1903,0.5083376186512062,1,MI
1904,0.5084612242271804,1,MI
1905,0.21806762400233426,0,Normal
1906,0.22060339608157992,0,Normal
1907,0.5079287724123378,1,MI
1908,0.5121215754061637,1,MI
1909,0.5107442716987084,1,MI
1910,0.5097648307257415,1,MI
1911,0.5086682051966223,1,MI
1912,0.2217493953130238,0,Normal
1913,0.22327037520933019,0,Normal
1914,0.512974792758714,1,MI
1915,0.5040095013180551,1,MI
1916,0.508518967456003,1,MI
1917,0.5034726215653494,1,MI
1918,0.5072379165828987,1,MI
1919,0.21508900077499643,0,Normal
1920,0.22595916910176156,0,Normal
1921,0.22054733122538916,0,Normal
1922,0.21334594083189645,0,Normal
1923,0.22603378718553113,0,Normal
1924,0.22205885259005953,0,Normal
1925,0.5140238674806967,1,MI
1926,0.2268421491758763,0,Normal
1927,0.5081706318195146,1,MI
1928,0.22955814306454486,0,Normal
1929,0.5162077422376911,1,MI
1930,0.21877465746413416,0,Normal
1931,0.5080276932975142,1,MI
1932,0.22853168389828826,0,Normal
1933,0.5041403547643055,1,MI
1934,0.5097179435735525,1,MI
1935,0.22424981248353187,0,Normal
1936,0.5078368942757722,1,MI
1937,0.5187637161567157,1,MI
1938,0.22232601349367054,0,Normal
1939,0.5070394806300259,1,MI
1940,0.5122618218768521,1,MI
1941,0.2048101390087263,0,Normal
1942,0.22194085661230306,0,Normal
1943,0.5089864248167472,1,MI
1944,0.2388216644662916,0,Normal
1945,0.22769202162775537,0,Normal
1946,0.5126431833712274,1,MI
1947,0.21961606296492592,0,Normal
1948,0.22167154512294474,0,Normal
1949,0.22945691581435418,0,Normal
1950,0.21697374109001988,0,Normal
1951,0.21608240070177998,0,Normal
1952,0.5060339090443939,1,MI
1953,0.2177420601843983,0,Normal
1954,0.23215102371441465,0,Normal
1955,0.2335297304489884,0,Normal
1956,0.2171405888728249,0,Normal
1957,0.5060219407606282,1,MI
1958,0.21153854967592917,0,Normal
1959,0.511859900381495,1,MI
1960,0.23226365915503183,0,Normal
1961,0.22062065988546886,0,Normal
1962,0.5125523931520807,1,MI
1963,0.5113345516659854,1,MI
1964,0.5092476241603919,1,MI
1965,0.5149237921209073,1,MI
1966,0.23185339067521354,0,Normal
1967,0.5115924488626936,1,MI
1968,0.5075343992999812,1,MI
1969,0.2291181733796654,0,Normal
1970,0.507995761239539,1,MI
1971,0.23934218706216076,0,Normal
1972,0.51264806132846,1,MI
1973,0.22326115757021253,0,Normal
1974,0.5092306136305251,1,MI
1975,0.5057012416707709,1,MI
1976,0.2314048161241633,0,Normal
1977,0.5124479354869964,1,MI
1978,0.5071996765240175,1,MI
1979,0.22603341038724678,0,Normal
1980,0.21375444179272068,0,Normal
1981,0.502483931005184,1,MI
1982,0.5057101993491098,1,MI
1983,0.5095745506153968,1,MI
1984,0.230427660811877,0,Normal
1985,0.5055798809981067,1,MI
1986,0.22598468549209327,0,Normal
1987,0.22643670833671403,0,Normal
1988,0.2171627266222408,0,Normal
1989,0.5091144686341406,1,MI
1990,0.5140897181298938,1,MI
1991,0.5061637082084813,1,MI
1992,0.5112342761227033,1,MI
1993,0.22588001428535986,0,Normal
1994,0.5065559789612725,1,MI
1995,0.225117586590649,0,Normal
1996,0.5156503289670379,1,MI
1997,0.22213686108990555,0,Normal
1998,0.5137520049534805,1,MI
1999,0.22570026126971926,0,Normal
2000,0.22563178969278602,0,Normal
2001,0.21219674330143823,0,Normal
2002,0.22444974790221206,0,Normal
2003,0.5099428234951711,1,MI
2004,0.5098984646426581,1,MI
2005,0.5040536767654434,1,MI
2006,0.22543014057560856,0,Normal
2007,0.5094741844760701,1,MI
2008,0.2070092549139404,0,Normal
2009,0.5060876617670677,1,MI
2010,0.5088046677686321,1,MI
2011,0.5131543078828961,1,MI
2012,0.5090813423092624,1,MI
2013,0.22804650630497403,0,Normal
2014,0.5098198873314733,1,MI
2015,0.5096600517062028,1,MI
2016,0.211275057835494,0,Normal
2017,0.22448344524149466,0,Normal
2018,0.515311555967302,1,MI
2019,0.2300803362168926,0,Normal
2020,0.5102492079844276,1,MI
2021,0.514687769183214,1,MI
2022,0.5063581754719865,1,MI
2023,0.5174576460655945,1,MI
2024,0.23131164049860958,0,Normal
2025,0.22994314434344454,0,Normal
2026,0.5088344530605388,1,MI
2027,0.22264394474601573,0,Normal
2028,0.5067312862008789,1,MI
2029,0.2249755935146937,0,Normal
2030,0.21327169279090996,0,Normal
2031,0.2137127204594767,0,Normal
2032,0.2263431477290097,0,Normal
2033,0.5128023634917213,1,MI
2034,0.5124741093022989,1,MI
2035,0.5059232196339019,1,MI
2036,0.5101461795442185,1,MI
2037,0.22982977586981224,0,Normal
2038,0.22583254045222434,0,Normal
2039,0.5113574221500762,1,MI
2040,0.5101911039611945,1,MI
2041,0.5110187584437716,1,MI
2042,0.2162201202291626,0,Normal
2043,0.23041602736567685,0,Normal
2044,0.5075720257966566,1,MI
2045,0.5111729472815605,1,MI
2046,0.5101438521090584,1,MI
2047,0.23773086608784844,0,Normal
2048,0.5096238286099298,1,MI
2049,0.5104589468707794,1,MI
2050,0.23071464156655708,0,Normal
2051,0.5114025617900801,1,MI
2052,0.2189253522877871,0,Normal
2053,0.5100307864956338,1,MI
2054,0.5147390995055098,1,MI
2055,0.23156319761851168,0,Normal
2056,0.23655809750488732,0,Normal
2057,0.5115649451530383,1,MI
2058,0.5107272137126396,1,MI
2059,0.5084949041496658,1,MI
2060,0.5086637052068185,1,MI
2061,0.2308617421073893,0,Normal
2062,0.5132060698170615,1,MI
2063,0.512615594376916,1,MI
2064,0.23178107692807914,0,Normal
2065,0.22176512265820336,0,Normal
2066,0.5142617523512916,1,MI
2067,0.2153722735875715,0,Normal
2068,0.2160414320176322,0,Normal
2069,0.21664892116524703,0,Normal
2070,0.22406521624316633,0,Normal
2071,0.5127416826356549,1,MI
2072,0.22923978326020306,0,Normal
2073,0.507529574989672,1,MI
2074,0.5126066811457963,1,MI
2075,0.2123949499451236,0,Normal
2076,0.2215977164139682,0,Normal
2077,0.22852428719867868,0,Normal
2078,0.5104289907888194,1,MI
2079,0.22395189506137414,0,Normal
2080,0.5099522132086761,1,MI
2081,0.22838764517497046,0,Normal
2082,0.2128996699658871,0,Normal
2083,0.5086904878535061,1,MI
2084,0.5095734035517057,1,MI
2085,0.5100179034395674,1,MI
2086,0.22664541284675788,0,Normal
2087,0.5073503020490691,1,MI
2088,0.5180712670158459,1,MI
2089,0.5113147806306023,1,MI
2090,0.5133899962820188,1,MI
2091,0.509160406831072,1,MI
2092,0.22168149722573643,0,Normal
2093,0.21931079259658615,0,Normal
2094,0.22212770468489929,0,Normal
2095,0.2258424664094294,0,Normal
2096,0.22433009120985475,0,Normal
2097,0.505743828995493,1,MI
2098,0.5075883276326283,1,MI
2099,0.22375025750476274,0,Normal
2100,0.2175245537603811,0,Normal
2101,0.21599957783548118,0,Normal
2102,0.5078114321134232,1,MI
2103,0.22138105570244576,0,Normal
2104,0.2302642677586192,0,Normal
2105,0.5132215607517079,1,MI
2106,0.5132619689811267,1,MI
2107,0.5118580401372412,1,MI
2108,0.5070647558661483,1,MI
2109,0.5098584782787977,1,MI
2110,0.21850406264319344,0,Normal
2111,0.5080324090035032,1,MI
2112,0.5146098725069893,1,MI
2113,0.510902009875855,1,MI
2114,0.5076460248679984,1,MI
2115,0.5070699587781445,1,MI
2116,0.5061207116043839,1,MI
2117,0.21451574806437224,0,Normal
2118,0.22314442180182248,0,Normal
2119,0.20405581839477077,0,Normal
2120,0.516385192782395,1,MI
2121,0.5114976605752004,1,MI
2122,0.21809615021223278,0,Normal
2123,0.23138752551311959,0,Normal
2124,0.22398643911083466,0,Normal
2125,0.20287039805889878,0,Normal
2126,0.22638917967936356,0,Normal
2127,0.5032743494591377,1,MI
2128,0.22341864066309147,0,Normal
2129,0.5105653559905298,1,MI
2130,0.2340612221565675,0,Normal
2131,0.5088914920505095,1,MI
2132,0.22512194152279325,0,Normal
2133,0.5132431072707284,1,MI
2134,0.5075468179775424,1,MI
2135,0.5144888096043135,1,MI
2136,0.5074457486701326,1,MI
2137,0.20947672622108454,0,Normal
2138,0.5151311129763134,1,MI
2139,0.5121777760883043,1,MI
2140,0.5085112124232996,1,MI
2141,0.5059012019458774,1,MI
2142,0.5111788500404407,1,MI
2143,0.23757454341806844,0,Normal
2144,0.22906079640471533,0,Normal
2145,0.5121747344037955,1,MI
2146,0.5136052363952447,1,MI
2147,0.5124047588935172,1,MI
2148,0.22342323666683506,0,Normal
2149,0.2254392574809601,0,Normal
2150,0.5084719877514842,1,MI
2151,0.21906926367640606,0,Normal
2152,0.2181970522863078,0,Normal
2153,0.22980451080457287,0,Normal
2154,0.20810505973468746,0,Normal
2155,0.5108523247687522,1,MI
2156,0.2173457221055139,0,Normal
2157,0.5082848721916526,1,MI
2158,0.5156705066047479,1,MI
2159,0.509886279922085,1,MI
2160,0.22086152387864638,0,Normal
2161,0.2182077028204118,0,Normal
2162,0.5120409314128099,1,MI
2163,0.5099993915542073,1,MI
2164,0.5098624329491167,1,MI
2165,0.21804085789469946,0,Normal
2166,0.21459353010709725,0,Normal
2167,0.5095303539658521,1,MI
2168,0.5085116423186543,1,MI
2169,0.5046385761805697,1,MI
2170,0.22322166957472506,0,Normal
2171,0.507647938603994,1,MI
2172,0.2166645889719434,0,Normal
2173,0.5108434768447923,1,MI
2174,0.2160529141103395,0,Normal
2175,0.2150552196852592,0,Normal
2176,0.5148420457666704,1,MI
2177,0.22315322815875632,0,Normal
2178,0.2266955342610401,0,Normal
2179,0.22267851868125382,0,Normal
2180,0.5181442510819317,1,MI
2181,0.5140304960325592,1,MI
2182,0.21992154090525096,0,Normal
2183,0.5078895909197809,1,MI
2184,0.50903571841742,1,MI
2185,0.5083674890992418,1,MI
2186,0.22393765052179349,0,Normal
2187,0.5136535390161813,1,MI
2188,0.5052467926275297,1,MI
2189,0.22664165286525867,0,Normal
2190,0.5140661520392648,1,MI
2191,0.5112024150651888,1,MI
2192,0.5110525712320507,1,MI
2193,0.2178383640327159,0,Normal
2194,0.5130238041183887,1,MI
2195,0.22021350909053106,0,Normal
2196,0.5076041205995898,1,MI
2197,0.2306314906295734,0,Normal
2198,0.5071611908799655,1,MI
2199,0.21553811821171026,0,Normal
2200,0.5047543823318646,1,MI
2201,0.22403432484769525,0,Normal
2202,0.5101542173663514,1,MI
2203,0.5078786314613027,1,MI
2204,0.2174590328284971,0,Normal
2205,0.5148454271436589,1,MI
2206,0.23062276244146523,0,Normal
2207,0.22160822992880075,0,Normal
2208,0.22690893439645926,0,Normal
2209,0.5078663202595908,1,MI
2210,0.5131696099215105,1,MI
2211,0.22719416983227098,0,Normal
2212,0.505111718663699,1,MI
2213,0.5076215222616733,1,MI
2214,0.2229364366323074,0,Normal
2215,0.5055307911109084,1,MI
2216,0.5106962363680615,1,MI
2217,0.5129360424430476,1,MI
2218,0.2181435097825023,0,Normal
2219,0.2241006420349136,0,Normal
2220,0.5056948194266261,1,MI
2221,0.2182397985666436,0,Normal
2222,0.5061590502312221,1,MI
2223,0.2175072587723199,0,Normal
2224,0.5135292243425913,1,MI
2225,0.2234650489228528,0,Normal
2226,0.5095311554038454,1,MI
2227,0.5091767812135509,1,MI
2228,0.21993829472018794,0,Normal
2229,0.2263129264439816,0,Normal
2230,0.22174722704235167,0,Normal
2231,0.21754273227584908,0,Normal
2232,0.5148242868667713,1,MI
2233,0.22081446827824336,0,Normal
2234,0.507425574877718,1,MI
2235,0.5179315741755247,1,MI
2236,0.5143644582809362,1,MI
2237,0.23145668888681642,0,Normal
2238,0.5078351659463148,1,MI
2239,0.5103865268501324,1,MI
2240,0.5071932635916597,1,MI
2241,0.21971109965345026,0,Normal
2242,0.2214888413625848,0,Normal
2243,0.5097058130217927,1,MI
2244,0.23290965219460602,0,Normal
2245,0.22266052208361115,0,Normal
2246,0.21652008249270072,0,Normal
2247,0.50590086564716,1,MI
2248,0.5065471697337005,1,MI
2249,0.22653151041170255,0,Normal
2250,0.5132349941376743,1,MI
2251,0.5095316428766284,1,MI
2252,0.5067031332036084,1,MI
2253,0.21169130837487427,0,Normal
2254,0.2163946339859521,0,Normal
2255,0.2240077508085191,0,Normal
2256,0.5095394890631377,1,MI
2257,0.23710397314857629,0,Normal
2258,0.51461598184748,1,MI
2259,0.5104401574303236,1,MI
2260,0.22676433814822639,0,Normal
2261,0.22736029787138268,0,Normal
2262,0.21418155740342798,0,Normal
2263,0.2196108609964873,0,Normal
2264,0.21791010740308392,0,Normal
2265,0.5071870798425342,1,MI
2266,0.23506329101535234,0,Normal
2267,0.21474638140393698,0,Normal
2268,0.2286879581563675,0,Normal
2269,0.5193164681280451,1,MI
2270,0.5058929756732358,1,MI
2271,0.5110248910708791,1,MI
2272,0.5116747759424793,1,MI
2273,0.22636152523940828,0,Normal
2274,0.5078889729258764,1,MI
2275,0.5105828570695512,1,MI
2276,0.2135465137829825,0,Normal
2277,0.20597231850288883,0,Normal
2278,0.2189911910162663,0,Normal
2279,0.5090664113946113,1,MI
2280,0.5096323776067827,1,MI
2281,0.508656264343954,1,MI
2282,0.2317503212864166,0,Normal
2283,0.20738852103786676,0,Normal
2284,0.22451949701929702,0,Normal
2285,0.22749462066333792,0,Normal
2286,0.5064204938315329,1,MI
2287,0.2282003328254082,0,Normal
2288,0.21465983534642347,0,Normal
2289,0.23016752978780192,0,Normal
2290,0.2243751557573298,0,Normal
2291,0.508676007560802,1,MI
2292,0.5098946445005866,1,MI
2293,0.5067458292289951,1,MI
2294,0.23623285538587835,0,Normal
2295,0.5082640056580856,1,MI
2296,0.22484444908075163,0,Normal
2297,0.5105230837188148,1,MI
2298,0.5008450429291947,1,MI
2299,0.22853141266934612,0,Normal
2300,0.22067852716334524,0,Normal
2301,0.22121898229153003,0,Normal
2302,0.505661385064107,1,MI
2303,0.512140734638037,1,MI
2304,0.5127815151623393,1,MI
2305,0.5052491280387398,1,MI
2306,0.2167531607534458,0,Normal
2307,0.514265305469154,1,MI
2308,0.5062408640833358,1,MI
2309,0.2196383212298837,0,Normal
2310,0.5089846104860247,1,MI
2311,0.5131285952305679,1,MI
2312,0.5080169648554886,1,MI
2313,0.21560306672124901,0,Normal
2314,0.2204437574038023,0,Normal
2315,0.5133597626640847,1,MI
2316,0.509900414151022,1,MI
2317,0.22832634448571315,0,Normal
2318,0.2255381623027688,0,Normal
2319,0.2200838304268926,0,Normal
2320,0.23932455906264322,0,Normal
2321,0.5034461255795045,1,MI
2322,0.5083015704535396,1,MI
2323,0.221459635834942,0,Normal
2324,0.5131488635472128,1,MI
2325,0.5100210408049258,1,MI
2326,0.22717952221906085,0,Normal
2327,0.5067586503563486,1,MI
2328,0.5114274920298236,1,MI
2329,0.21402410413760975,0,Normal
2330,0.2252695026410247,0,Normal
2331,0.5204287259039682,1,MI
2332,0.5112137761893908,1,MI
2333,0.505895296144067,1,MI
2334,0.5085635836494138,1,MI
2335,0.5102835289809579,1,MI
2336,0.22150466475110314,0,Normal
2337,0.2249418109668359,0,Normal
2338,0.22579512988991357,0,Normal
2339,0.5113398339787861,1,MI
2340,0.5115726403167676,1,MI
2341,0.5102055080210124,1,MI
2342,0.2394878660202875,0,Normal
2343,0.5146587519549441,1,MI
2344,0.23322681482727642,0,Normal
2345,0.219392143926399,0,Normal
2346,0.21225870389074608,0,Normal
2347,0.5107805544386682,1,MI
2348,0.2229290641826569,0,Normal
2349,0.21505993002768292,0,Normal
2350,0.5114330644493079,1,MI
2351,0.5077880623248773,1,MI
2352,0.2431294070288436,0,Normal
2353,0.23030043937347294,0,Normal
2354,0.5104131089779036,1,MI
2355,0.5125402534840071,1,MI
2356,0.5071757257461232,1,MI
2357,0.22056983251695444,0,Normal
2358,0.5074228897523713,1,MI
2359,0.5092745267803596,1,MI
2360,0.22546528557448264,0,Normal
2361,0.22527803995828577,0,Normal
2362,0.5124076420126933,1,MI
2363,0.50567807516126,1,MI
2364,0.5115268666491801,1,MI
2365,0.21542160597172855,0,Normal
2366,0.5121924563988937,1,MI
2367,0.5120881482473104,1,MI
2368,0.5039070374837201,1,MI
2369,0.5089962937742292,1,MI
2370,0.50183879398616,1,MI
2371,0.5110033378505551,1,MI
2372,0.2330394663468131,0,Normal
2373,0.5105372426520938,1,MI
2374,0.2295162856367008,0,Normal
2375,0.2309760707125601,0,Normal
2376,0.2387027799942713,0,Normal
2377,0.5088881575490676,1,MI
2378,0.22912564963717053,0,Normal
2379,0.5112343878337023,1,MI
2380,0.22333884729288972,0,Normal
2381,0.5056204569846788,1,MI
2382,0.5094054249625193,1,MI
2383,0.5068024238483448,1,MI
2384,0.5188520259966664,1,MI
2385,0.22334225771964433,0,Normal
2386,0.2276003882218346,0,Normal
2387,0.2129882061622666,0,Normal
2388,0.20887318502654223,0,Normal
2389,0.5086105384934559,1,MI
2390,0.5151178151881093,1,MI
2391,0.22172814417527986,0,Normal
2392,0.5074900686308748,1,MI
2393,0.5141921107950894,1,MI
2394,0.5092956795318838,1,MI
2395,0.5055145901687558,1,MI
2396,0.5212931089654181,1,MI
2397,0.22820798800867548,0,Normal
2398,0.22907107334501542,0,Normal
2399,0.5106686720876455,1,MI
2400,0.5105353837154744,1,MI
2401,0.5044789447050341,1,MI
2402,0.22057596104469257,0,Normal
2403,0.5066088036544271,1,MI
2404,0.22976057904849395,0,Normal
2405,0.5074113074596684,1,MI
2406,0.5056689576077987,1,MI
2407,0.5164061668746943,1,MI
2408,0.22203712776124718,0,Normal
2409,0.21512556954934797,0,Normal
2410,0.5118123869611536,1,MI
2411,0.5062080725084795,1,MI
2412,0.2220424346512606,0,Normal
2413,0.5048835970611417,1,MI
2414,0.2235648067842666,0,Normal
2415,0.5056671150501463,1,MI
2416,0.5133628514026516,1,MI
2417,0.5116929318006596,1,MI
2418,0.22954632992085455,0,Normal
2419,0.5114866472038072,1,MI
2420,0.2271630748439688,0,Normal
2421,0.505090906321174,1,MI
2422,0.5107194716305113,1,MI
2423,0.2323701333664121,0,Normal
2424,0.5129224125998022,1,MI
2425,0.22016451458941616,0,Normal
2426,0.508762826930627,1,MI
2427,0.2158205926436917,0,Normal
2428,0.505042578366507,1,MI
2429,0.504939925984705,1,MI
2430,0.23285117949005923,0,Normal
2431,0.23027392566471516,0,Normal
2432,0.2181315652374054,0,Normal
2433,0.5104105051335095,1,MI
2434,0.510092850730634,1,MI
2435,0.5091409359672028,1,MI
2436,0.2190894219151066,0,Normal
2437,0.2244292031583669,0,Normal
2438,0.21977312464093957,0,Normal
2439,0.23719424085349267,0,Normal
2440,0.2282049092528058,0,Normal
2441,0.22759398661833508,0,Normal
2442,0.5112698888510249,1,MI
2443,0.23045857711344864,0,Normal
2444,0.2215187139923765,0,Normal
2445,0.22507196513070443,0,Normal
2446,0.21158870961078852,0,Normal
2447,0.22057728533501353,0,Normal
2448,0.22313989100636744,0,Normal
2449,0.22030411746883655,0,Normal
2450,0.5090211803318797,1,MI
2451,0.2152552307934747,0,Normal
2452,0.2037331650800605,0,Normal
2453,0.5124873872540082,1,MI
2454,0.22370262120215156,0,Normal
2455,0.5151149439262535,1,MI
2456,0.22190315168691316,0,Normal
2457,0.22795631316441772,0,Normal
2458,0.21924654496971874,0,Normal
2459,0.5119055333232102,1,MI
2460,0.5077612092862032,1,MI
2461,0.2259105349137886,0,Normal
2462,0.5156620391216068,1,MI
2463,0.2330196120909449,0,Normal
2464,0.23383415136026164,0,Normal
2465,0.5039614103181747,1,MI
2466,0.22000823275342435,0,Normal
2467,0.5095281226503405,1,MI
2468,0.5105721112047755,1,MI
2469,0.5130321627514622,1,MI
2470,0.515924726186832,1,MI
2471,0.5064451789934289,1,MI
2472,0.5130403549108355,1,MI
2473,0.21639124369106627,0,Normal
2474,0.5110185114266121,1,MI
2475,0.5036520556051873,1,MI
2476,0.5091245500824891,1,MI
2477,0.21524337490750145,0,Normal
2478,0.5162661857813368,1,MI
2479,0.22206015393499062,0,Normal
2480,0.22708285921708954,0,Normal
2481,0.5142307888016364,1,MI
2482,0.5074914800879087,1,MI
2483,0.2332981721155985,0,Normal
2484,0.5098309479884423,1,MI
2485,0.5104643637028051,1,MI
2486,0.5081564301848018,1,MI
2487,0.5143887663820746,1,MI
2488,0.21860756543852894,0,Normal
2489,0.21666779326140923,0,Normal
2490,0.22813579425593444,0,Normal
2491,0.5107148380785274,1,MI
2492,0.503768290677926,1,MI
2493,0.5046798154996196,1,MI
2494,0.22530662201761736,0,Normal
2495,0.21869016010781966,0,Normal
2496,0.5161239784352274,1,MI
2497,0.5039510632051905,1,MI
2498,0.2189130022870403,0,Normal
2499,0.5143765302605764,1,MI
2500,0.2219809910293839,0,Normal
2501,0.5109268459324622,1,MI
2502,0.19964940131898767,0,Normal
2503,0.5144664367195714,1,MI
2504,0.2142037201151395,0,Normal
2505,0.5071218181520781,1,MI
2506,0.22256136046715047,0,Normal
2507,0.22222151546806868,0,Normal
2508,0.2312423853135827,0,Normal
2509,0.2247084082597378,0,Normal
2510,0.22844896720883118,0,Normal
2511,0.5098731498048203,1,MI
2512,0.5112453981122679,1,MI
2513,0.5104205698399361,1,MI
2514,0.22834247324225515,0,Normal
2515,0.5128089870335303,1,MI
2516,0.2260125961481887,0,Normal
2517,0.22789114485716527,0,Normal
2518,0.22152843640590303,0,Normal
2519,0.5074563514786196,0,Normal
2520,0.23022361933076324,1,MI
2521,0.5105046546452816,0,Normal
2522,0.5114376400605615,0,Normal
2523,0.22595263887363332,1,MI
2524,0.5154182455135233,0,Normal
2525,0.5080767617377658,0,Normal
2526,0.2114324440876485,1,MI
2527,0.5058398632380813,0,Normal
2528,0.5084816246752902,0,Normal
2529,0.5056643865302386,0,Normal
2530,0.5070390770949512,0,Normal
2531,0.22937243752130265,1,MI
2532,0.21150514903443862,1,MI
2533,0.21780742437343487,1,MI
2534,0.5094314607619937,0,Normal
2535,0.5047804168619586,0,Normal
2536,0.5087205368819901,0,Normal
2537,0.5118592946520222,0,Normal
2538,0.2255842171676134,1,MI
2539,0.23075079667504667,1,MI
2540,0.2216571629855102,1,MI
2541,0.5117989523555782,0,Normal
2542,0.5118697505660686,0,Normal
2543,0.513492653063689,0,Normal
2544,0.5111686291466895,0,Normal
2545,0.22677544514780162,1,MI
2546,0.5097391200258425,0,Normal
2547,0.21569051200532485,1,MI
2548,0.507126198424712,0,Normal
2549,0.5072176564781135,0,Normal
2550,0.22925100600555987,1,MI
2551,0.5079865397837032,0,Normal
2552,0.5050399340513446,0,Normal
2553,0.5064291614724707,0,Normal
2554,0.5104308271047989,0,Normal
2555,0.22211376680003975,1,MI
2556,0.5089227259089972,0,Normal
2557,0.5121661750430215,0,Normal
2558,0.5102572499371606,0,Normal
2559,0.21798030412263913,0,Normal
2560,0.20814962179394442,0,Normal
2561,0.22867943639726657,0,Normal
2562,0.5131572900479818,1,MI
2563,0.22068759886667189,0,Normal
2564,0.21379619819401008,0,Normal
2565,0.5114566836053812,1,MI
2566,0.2230055117037324,0,Normal
2567,0.22182154036372637,0,Normal
2568,0.22421215472458927,0,Normal
2569,0.5131805940732711,1,MI
2570,0.2125103492520347,0,Normal
2571,0.23123581340203958,0,Normal
2572,0.2367831967187794,0,Normal
2573,0.5105037534653035,1,MI
2574,0.2429073289713397,0,Normal
2575,0.5121128968958976,1,MI
